x-axis,1,2
second,Volt,Volt
-9.9600E+00,-1.5117E+00,-2.3945E+00
-9.9500E+00,-1.5644E+00,-2.4271E+00
-9.9400E+00,-1.6323E+00,-2.4070E+00
-9.9300E+00,-1.5644E+00,-2.4749E+00
-9.9200E+00,-1.6172E+00,-2.5025E+00
-9.9100E+00,-1.5971E+00,-2.5075E+00
-9.9000E+00,-1.6448E+00,-2.6231E+00
-9.8900E+00,-1.6524E+00,-2.6357E+00
-9.8800E+00,-1.7252E+00,-2.6608E+00
-9.8700E+00,-1.8056E+00,-2.6357E+00
-9.8600E+00,-1.8735E+00,-2.7161E+00
-9.8500E+00,-1.8936E+00,-2.6508E+00
-9.8400E+00,-1.8333E+00,-2.7161E+00
-9.8300E+00,-1.8861E+00,-2.7487E+00
-9.8200E+00,-1.9665E+00,-2.7161E+00
-9.8100E+00,-1.9740E+00,-2.7965E+00
-9.8000E+00,-1.9665E+00,-2.8241E+00
-9.7900E+00,-2.0469E+00,-2.8769E+00
-9.7800E+00,-1.9916E+00,-2.8769E+00
-9.7700E+00,-2.2001E+00,-2.9497E+00
-9.7600E+00,-2.1524E+00,-2.9573E+00
-9.7500E+00,-2.0946E+00,-2.9246E+00
-9.7400E+00,-2.1273E+00,-2.9698E+00
-9.7300E+00,-2.1348E+00,-3.0377E+00
-9.7200E+00,-2.2604E+00,-3.0905E+00
-9.7100E+00,-2.2554E+00,-3.0704E+00
-9.7000E+00,-2.3006E+00,-3.0503E+00
-9.6900E+00,-2.3685E+00,-3.0377E+00
-9.6800E+00,-2.3685E+00,-3.1457E+00
-9.6700E+00,-2.3685E+00,-3.2136E+00
-9.6600E+00,-2.3810E+00,-3.1985E+00
-9.6500E+00,-2.3685E+00,-3.1985E+00
-9.6400E+00,-2.4489E+00,-3.2789E+00
-9.6300E+00,-2.4815E+00,-3.2312E+00
-9.6200E+00,-2.5293E+00,-3.2111E+00
-9.6100E+00,-2.5293E+00,-3.2864E+00
-9.6000E+00,-2.6097E+00,-3.3844E+00
-9.5900E+00,-2.6423E+00,-3.3920E+00
-9.5800E+00,-2.6775E+00,-3.3719E+00
-9.5700E+00,-2.6172E+00,-3.4397E+00
-9.5600E+00,-2.6901E+00,-3.4397E+00
-9.5500E+00,-2.6901E+00,-3.4397E+00
-9.5400E+00,-2.7579E+00,-3.5075E+00
-9.5300E+00,-2.8433E+00,-3.5276E+00
-9.5200E+00,-2.8232E+00,-3.5201E+00
-9.5100E+00,-2.8182E+00,-3.6156E+00
-9.5000E+00,-2.8509E+00,-3.6558E+00
-9.4900E+00,-2.8584E+00,-3.5276E+00
-9.4800E+00,-2.9564E+00,-3.7060E+00
-9.4700E+00,-2.8986E+00,-3.6809E+00
-9.4600E+00,-3.0242E+00,-3.7487E+00
-9.4500E+00,-3.0117E+00,-3.6809E+00
-9.4400E+00,-3.0117E+00,-3.6809E+00
-9.4300E+00,-3.0594E+00,-3.7286E+00
-9.4200E+00,-3.0921E+00,-3.7739E+00
-9.4100E+00,-3.0996E+00,-3.7613E+00
-9.4000E+00,-3.0921E+00,-3.7889E+00
-9.3900E+00,-3.2202E+00,-3.8090E+00
-9.3800E+00,-3.2403E+00,-3.9095E+00
-9.3700E+00,-3.1725E+00,-3.7688E+00
-9.3600E+00,-3.3082E+00,-3.8945E+00
-9.3500E+00,-3.2529E+00,-3.9221E+00
-9.3400E+00,-3.2529E+00,-3.9221E+00
-9.3300E+00,-3.4062E+00,-3.9221E+00
-9.3200E+00,-3.3333E+00,-3.9497E+00
-9.3100E+00,-3.3986E+00,-4.0025E+00
-9.3000E+00,-3.4941E+00,-4.0025E+00
-9.2900E+00,-3.4062E+00,-4.0025E+00
-9.2800E+00,-3.4413E+00,-4.0829E+00
-9.2700E+00,-3.4614E+00,-4.0829E+00
-9.2600E+00,-3.4263E+00,-4.0025E+00
-9.2500E+00,-3.4941E+00,-4.1558E+00
-9.2400E+00,-3.5217E+00,-4.1106E+00
-9.2300E+00,-3.5745E+00,-4.1307E+00
-9.2200E+00,-3.5619E+00,-4.1633E+00
-9.2100E+00,-3.5820E+00,-4.2437E+00
-9.2000E+00,-3.6021E+00,-4.0829E+00
-9.1900E+00,-3.6549E+00,-4.2437E+00
-9.1800E+00,-3.5996E+00,-4.1759E+00
-9.1700E+00,-3.7353E+00,-4.2437E+00
-9.1600E+00,-3.7353E+00,-4.2437E+00
-9.1500E+00,-3.7680E+00,-4.3241E+00
-9.1400E+00,-3.6800E+00,-4.3116E+00
-9.1300E+00,-3.8810E+00,-4.2437E+00
-9.1200E+00,-3.7629E+00,-4.2965E+00
-9.1100E+00,-3.8961E+00,-4.3719E+00
-9.1000E+00,-3.8283E+00,-4.3241E+00
-9.0900E+00,-3.8232E+00,-4.3317E+00
-9.0800E+00,-3.8961E+00,-4.2965E+00
-9.0700E+00,-3.9438E+00,-4.3568E+00
-9.0600E+00,-3.8961E+00,-4.3367E+00
-9.0500E+00,-4.0418E+00,-4.4045E+00
-9.0400E+00,-3.9765E+00,-4.4573E+00
-9.0300E+00,-3.9765E+00,-4.4849E+00
-9.0200E+00,-4.0569E+00,-4.5402E+00
-9.0100E+00,-4.0569E+00,-4.4121E+00
-9.0000E+00,-4.0569E+00,-4.4322E+00
-8.9900E+00,-4.1222E+00,-4.5653E+00
-8.9800E+00,-4.2051E+00,-4.5528E+00
-8.9700E+00,-4.1373E+00,-4.5578E+00
-8.9600E+00,-4.2177E+00,-4.4849E+00
-8.9500E+00,-4.1373E+00,-4.5653E+00
-8.9400E+00,-4.1499E+00,-4.5653E+00
-8.9300E+00,-4.2102E+00,-4.5578E+00
-8.9200E+00,-4.2705E+00,-4.5930E+00
-8.9100E+00,-4.2981E+00,-4.5980E+00
-8.9000E+00,-4.3107E+00,-4.6457E+00
-8.8900E+00,-4.3056E+00,-4.5653E+00
-8.8800E+00,-4.2705E+00,-4.6457E+00
-8.8700E+00,-4.3308E+00,-4.5653E+00
-8.8600E+00,-4.2981E+00,-4.5653E+00
-8.8500E+00,-4.3056E+00,-4.7337E+00
-8.8400E+00,-4.3785E+00,-4.6181E+00
-8.8300E+00,-4.3785E+00,-4.6784E+00
-8.8200E+00,-4.4589E+00,-4.7136E+00
-8.8100E+00,-4.4514E+00,-4.7186E+00
-8.8000E+00,-4.4589E+00,-4.6734E+00
-8.7900E+00,-4.5393E+00,-4.7261E+00
-8.7800E+00,-4.4589E+00,-4.7261E+00
-8.7700E+00,-4.4589E+00,-4.8065E+00
-8.7600E+00,-4.5117E+00,-4.7538E+00
-8.7500E+00,-4.5393E+00,-4.7588E+00
-8.7400E+00,-4.5268E+00,-4.7387E+00
-8.7300E+00,-4.5469E+00,-4.7990E+00
-8.7200E+00,-4.5393E+00,-4.7538E+00
-8.7100E+00,-4.5720E+00,-4.8065E+00
-8.7000E+00,-4.5393E+00,-4.8065E+00
-8.6900E+00,-4.5469E+00,-4.8141E+00
-8.6800E+00,-4.5946E+00,-4.8065E+00
-8.6700E+00,-4.6197E+00,-4.7915E+00
-8.6600E+00,-4.6197E+00,-4.8065E+00
-8.6500E+00,-4.6197E+00,-4.8794E+00
-8.6400E+00,-4.5670E+00,-4.8342E+00
-8.6300E+00,-4.7654E+00,-4.7915E+00
-8.6200E+00,-4.6876E+00,-4.8744E+00
-8.6100E+00,-4.6926E+00,-4.8869E+00
-8.6000E+00,-4.7805E+00,-4.8869E+00
-8.5900E+00,-4.7001E+00,-4.8392E+00
-8.5800E+00,-4.7001E+00,-4.8191E+00
-8.5700E+00,-4.7077E+00,-4.8869E+00
-8.5600E+00,-4.7805E+00,-4.9146E+00
-8.5500E+00,-4.7805E+00,-4.8869E+00
-8.5400E+00,-4.8484E+00,-4.8869E+00
-8.5300E+00,-4.7805E+00,-4.9598E+00
-8.5200E+00,-4.8333E+00,-4.9673E+00
-8.5100E+00,-4.8609E+00,-4.9196E+00
-8.5000E+00,-4.7805E+00,-4.9548E+00
-8.4900E+00,-4.8534E+00,-4.9673E+00
-8.4800E+00,-4.8333E+00,-4.9146E+00
-8.4700E+00,-4.7805E+00,-4.9673E+00
-8.4600E+00,-4.8484E+00,-5.0352E+00
-8.4500E+00,-4.7956E+00,-4.9598E+00
-8.4400E+00,-4.9137E+00,-4.9397E+00
-8.4300E+00,-4.8936E+00,-4.9673E+00
-8.4200E+00,-4.9288E+00,-4.9799E+00
-8.4100E+00,-4.8609E+00,-4.9749E+00
-8.4000E+00,-4.7805E+00,-4.9950E+00
-8.3900E+00,-4.8132E+00,-4.9673E+00
-8.3800E+00,-4.8735E+00,-4.9673E+00
-8.3700E+00,-4.8609E+00,-4.9673E+00
-8.3600E+00,-4.8609E+00,-4.9673E+00
-8.3500E+00,-4.8609E+00,-5.0000E+00
-8.3400E+00,-4.8609E+00,-4.9673E+00
-8.3300E+00,-4.9338E+00,-4.9598E+00
-8.3200E+00,-4.9137E+00,-4.9397E+00
-8.3100E+00,-4.9087E+00,-4.8869E+00
-8.3000E+00,-4.9413E+00,-4.9548E+00
-8.2900E+00,-4.9413E+00,-4.9673E+00
-8.2800E+00,-4.8082E+00,-4.9673E+00
-8.2700E+00,-4.9413E+00,-4.8869E+00
-8.2600E+00,-4.8735E+00,-4.8995E+00
-8.2500E+00,-4.9413E+00,-4.8945E+00
-8.2400E+00,-4.8358E+00,-4.9673E+00
-8.2300E+00,-4.9087E+00,-4.9673E+00
-8.2200E+00,-4.8735E+00,-4.9548E+00
-8.2100E+00,-4.8534E+00,-4.8945E+00
-8.2000E+00,-4.8886E+00,-4.9397E+00
-8.1900E+00,-4.8609E+00,-4.9673E+00
-8.1800E+00,-4.8735E+00,-4.8869E+00
-8.1700E+00,-4.9263E+00,-4.8945E+00
-8.1600E+00,-4.9137E+00,-4.9397E+00
-8.1500E+00,-4.8936E+00,-4.8869E+00
-8.1400E+00,-4.9288E+00,-4.9548E+00
-8.1300E+00,-5.0142E+00,-4.9598E+00
-8.1200E+00,-4.9137E+00,-4.7261E+00
-8.1100E+00,-4.8760E+00,-4.8719E+00
-8.1000E+00,-4.8735E+00,-4.8744E+00
-8.0900E+00,-4.8685E+00,-4.8869E+00
-8.0800E+00,-4.8886E+00,-4.7538E+00
-8.0700E+00,-4.8936E+00,-4.8543E+00
-8.0600E+00,-4.9413E+00,-4.8065E+00
-8.0500E+00,-4.8685E+00,-4.8065E+00
-8.0400E+00,-4.8609E+00,-4.8065E+00
-8.0300E+00,-4.9087E+00,-4.8065E+00
-8.0200E+00,-4.9413E+00,-4.8065E+00
-8.0100E+00,-4.9413E+00,-4.8869E+00
-8.0000E+00,-4.8861E+00,-4.7261E+00
-7.9900E+00,-4.9087E+00,-4.7588E+00
-7.9800E+00,-5.0092E+00,-4.7940E+00
-7.9700E+00,-4.8609E+00,-4.7990E+00
-7.9600E+00,-4.8861E+00,-4.6709E+00
-7.9500E+00,-4.8132E+00,-4.6935E+00
-7.9400E+00,-4.8735E+00,-4.6583E+00
-7.9300E+00,-4.9338E+00,-4.7186E+00
-7.9200E+00,-4.8886E+00,-4.6985E+00
-7.9100E+00,-4.8609E+00,-4.7111E+00
-7.9000E+00,-4.9288E+00,-4.6583E+00
-7.8900E+00,-4.8609E+00,-4.5653E+00
-7.8800E+00,-4.8886E+00,-4.6181E+00
-7.8700E+00,-4.8609E+00,-4.6935E+00
-7.8600E+00,-4.8484E+00,-4.6332E+00
-7.8500E+00,-4.7881E+00,-4.5729E+00
-7.8400E+00,-4.8609E+00,-4.6181E+00
-7.8300E+00,-4.8936E+00,-4.6457E+00
-7.8200E+00,-4.8609E+00,-4.5653E+00
-7.8100E+00,-4.8609E+00,-4.4925E+00
-7.8000E+00,-4.8609E+00,-4.5653E+00
-7.7900E+00,-4.7805E+00,-4.5653E+00
-7.7800E+00,-4.8609E+00,-4.4422E+00
-7.7700E+00,-4.9338E+00,-4.5653E+00
-7.7600E+00,-4.8886E+00,-4.4849E+00
-7.7500E+00,-4.8609E+00,-4.5000E+00
-7.7400E+00,-4.7931E+00,-4.4975E+00
-7.7300E+00,-4.7805E+00,-4.5653E+00
-7.7200E+00,-4.8609E+00,-4.4849E+00
-7.7100E+00,-4.7805E+00,-4.4196E+00
-7.7000E+00,-4.8358E+00,-4.4724E+00
-7.6900E+00,-4.7881E+00,-4.4121E+00
-7.6800E+00,-4.8082E+00,-4.3518E+00
-7.6700E+00,-4.7805E+00,-4.3719E+00
-7.6600E+00,-4.7680E+00,-4.3241E+00
-7.6500E+00,-4.8458E+00,-4.3970E+00
-7.6400E+00,-4.8082E+00,-4.3241E+00
-7.6300E+00,-4.6850E+00,-4.2764E+00
-7.6200E+00,-4.7127E+00,-4.3241E+00
-7.6100E+00,-4.7730E+00,-4.3241E+00
-7.6000E+00,-4.7529E+00,-4.2714E+00
-7.5900E+00,-4.6524E+00,-4.2915E+00
-7.5800E+00,-4.6323E+00,-4.2437E+00
-7.5700E+00,-4.7654E+00,-4.2437E+00
-7.5600E+00,-4.7001E+00,-4.2965E+00
-7.5500E+00,-4.7001E+00,-4.2111E+00
-7.5400E+00,-4.6323E+00,-4.1633E+00
-7.5300E+00,-4.6197E+00,-4.1558E+00
-7.5200E+00,-4.6725E+00,-4.1080E+00
-7.5100E+00,-4.6197E+00,-4.0829E+00
-7.5000E+00,-4.6876E+00,-4.1080E+00
-7.4900E+00,-4.6926E+00,-4.0905E+00
-7.4800E+00,-4.5117E+00,-4.0829E+00
-7.4700E+00,-4.6850E+00,-4.0980E+00
-7.4600E+00,-4.5519E+00,-4.1633E+00
-7.4500E+00,-4.5469E+00,-4.0025E+00
-7.4400E+00,-4.4866E+00,-4.0829E+00
-7.4300E+00,-4.5393E+00,-3.9548E+00
-7.4200E+00,-4.4715E+00,-3.9899E+00
-7.4100E+00,-4.4589E+00,-4.0025E+00
-7.4000E+00,-4.4062E+00,-3.8945E+00
-7.3900E+00,-4.4916E+00,-3.8894E+00
-7.3800E+00,-4.5268E+00,-3.7739E+00
-7.3700E+00,-4.4514E+00,-3.8417E+00
-7.3600E+00,-4.4589E+00,-3.8417E+00
-7.3500E+00,-4.4589E+00,-3.8417E+00
-7.3400E+00,-4.3785E+00,-3.8291E+00
-7.3300E+00,-4.3132E+00,-3.7613E+00
-7.3200E+00,-4.3257E+00,-3.7085E+00
-7.3100E+00,-4.2981E+00,-3.6809E+00
-7.3000E+00,-4.2981E+00,-3.6935E+00
-7.2900E+00,-4.3056E+00,-3.6884E+00
-7.2800E+00,-4.2981E+00,-3.6533E+00
-7.2700E+00,-4.2504E+00,-3.6332E+00
-7.2600E+00,-4.2177E+00,-3.5327E+00
-7.2500E+00,-4.2981E+00,-3.5930E+00
-7.2400E+00,-4.1926E+00,-3.6005E+00
-7.2300E+00,-4.1373E+00,-3.5050E+00
-7.2200E+00,-4.1373E+00,-3.6005E+00
-7.2100E+00,-4.2102E+00,-3.5201E+00
-7.2000E+00,-4.1649E+00,-3.4925E+00
-7.1900E+00,-4.1373E+00,-3.4724E+00
-7.1800E+00,-4.0569E+00,-3.4397E+00
-7.1700E+00,-4.0569E+00,-3.5126E+00
-7.1600E+00,-4.0569E+00,-3.3593E+00
-7.1500E+00,-4.0092E+00,-3.3593E+00
-7.1400E+00,-3.9765E+00,-3.3719E+00
-7.1300E+00,-3.9765E+00,-3.3518E+00
-7.1200E+00,-3.9765E+00,-3.2789E+00
-7.1100E+00,-3.9765E+00,-3.3116E+00
-7.1000E+00,-3.8961E+00,-3.2111E+00
-7.0900E+00,-3.9036E+00,-3.1985E+00
-7.0800E+00,-3.8685E+00,-3.1985E+00
-7.0700E+00,-3.8634E+00,-3.1658E+00
-7.0600E+00,-3.8283E+00,-3.0503E+00
-7.0500E+00,-3.8082E+00,-3.1256E+00
-7.0400E+00,-3.7353E+00,-3.0126E+00
-7.0300E+00,-3.7830E+00,-3.1181E+00
-7.0200E+00,-3.6675E+00,-3.0503E+00
-7.0100E+00,-3.7353E+00,-3.0302E+00
-7.0000E+00,-3.6825E+00,-2.9322E+00
-6.9900E+00,-3.6549E+00,-3.0050E+00
-6.9800E+00,-3.5745E+00,-2.8894E+00
-6.9700E+00,-3.5820E+00,-2.8693E+00
-6.9600E+00,-3.5745E+00,-2.9296E+00
-6.9500E+00,-3.5745E+00,-2.8769E+00
-6.9400E+00,-3.5067E+00,-2.6734E+00
-6.9300E+00,-3.5016E+00,-2.8693E+00
-6.9200E+00,-3.4665E+00,-2.8216E+00
-6.9100E+00,-3.5418E+00,-2.7161E+00
-6.9000E+00,-3.3584E+00,-2.7035E+00
-6.8900E+00,-3.4137E+00,-2.7161E+00
-6.8800E+00,-3.3584E+00,-2.6357E+00
-6.8700E+00,-3.3006E+00,-2.6357E+00
-6.8600E+00,-3.2654E+00,-2.6231E+00
-6.8500E+00,-3.2529E+00,-2.5628E+00
-6.8400E+00,-3.1725E+00,-2.5553E+00
-6.8300E+00,-3.3006E+00,-2.5075E+00
-6.8200E+00,-3.1850E+00,-2.4874E+00
-6.8100E+00,-3.1725E+00,-2.4824E+00
-6.8000E+00,-3.1725E+00,-2.4749E+00
-6.7900E+00,-3.1398E+00,-2.4749E+00
-6.7800E+00,-3.0921E+00,-2.3141E+00
-6.7700E+00,-3.0921E+00,-2.3141E+00
-6.7600E+00,-2.9589E+00,-2.2613E+00
-6.7500E+00,-3.0594E+00,-2.2814E+00
-6.7400E+00,-3.0117E+00,-2.2462E+00
-6.7300E+00,-3.0770E+00,-2.3065E+00
-6.7200E+00,-2.9589E+00,-2.0729E+00
-6.7100E+00,-2.8509E+00,-2.1859E+00
-6.7000E+00,-2.8634E+00,-2.0603E+00
-6.6900E+00,-2.7780E+00,-2.0729E+00
-6.6800E+00,-2.8509E+00,-2.0452E+00
-6.6700E+00,-2.8031E+00,-2.1055E+00
-6.6600E+00,-2.7152E+00,-1.9925E+00
-6.6500E+00,-2.6901E+00,-1.9925E+00
-6.6400E+00,-2.6373E+00,-1.9397E+00
-6.6300E+00,-2.5946E+00,-1.9598E+00
-6.6200E+00,-2.6775E+00,-1.9121E+00
-6.6100E+00,-2.6021E+00,-1.9045E+00
-6.6000E+00,-2.6097E+00,-1.8317E+00
-6.5900E+00,-2.5293E+00,-1.8643E+00
-6.5800E+00,-2.5293E+00,-1.6834E+00
-6.5700E+00,-2.4489E+00,-1.6709E+00
-6.5600E+00,-2.4489E+00,-1.6985E+00
-6.5500E+00,-2.4162E+00,-1.6709E+00
-6.5400E+00,-2.3810E+00,-1.6583E+00
-6.5300E+00,-2.4413E+00,-1.6709E+00
-6.5200E+00,-2.2881E+00,-1.5905E+00
-6.5100E+00,-2.3207E+00,-1.5578E+00
-6.5000E+00,-2.2077E+00,-1.5101E+00
-6.4900E+00,-2.2001E+00,-1.5101E+00
-6.4800E+00,-2.2077E+00,-1.4573E+00
-6.4700E+00,-2.1750E+00,-1.4296E+00
-6.4600E+00,-2.1273E+00,-1.4171E+00
-6.4500E+00,-2.1273E+00,-1.2839E+00
-6.4400E+00,-2.0469E+00,-1.4020E+00
-6.4300E+00,-2.0142E+00,-1.3166E+00
-6.4200E+00,-1.9665E+00,-1.2688E+00
-6.4100E+00,-1.9665E+00,-1.2613E+00
-6.4000E+00,-1.9388E+00,-1.1884E+00
-6.3900E+00,-1.8861E+00,-1.2362E+00
-6.3800E+00,-1.8861E+00,-1.1080E+00
-6.3700E+00,-1.8785E+00,-1.0352E+00
-6.3600E+00,-1.8333E+00,-1.1080E+00
-6.3500E+00,-1.8056E+00,-995.0E-03
-6.3400E+00,-1.7252E+00,-947.2E-03
-6.3300E+00,-1.7177E+00,-1.0276E+00
-6.3200E+00,-1.7252E+00,-1.0000E+00
-6.3100E+00,-1.6448E+00,-947.2E-03
-6.3000E+00,-1.6574E+00,-947.2E-03
-6.2900E+00,-1.5644E+00,-721.1E-03
-6.2800E+00,-1.5117E+00,-919.6E-03
-6.2700E+00,-1.5644E+00,-834.2E-03
-6.2600E+00,-1.4966E+00,-718.6E-03
-6.2500E+00,-1.4916E+00,-786.4E-03
-6.2400E+00,-1.3509E+00,-706.0E-03
-6.2300E+00,-1.4036E+00,-706.0E-03
-6.2200E+00,-1.3911E+00,-613.1E-03
-6.2100E+00,-1.2504E+00,-706.0E-03
-6.2000E+00,-1.2956E+00,-678.4E-03
-6.1900E+00,-1.3232E+00,-512.6E-03
-6.1800E+00,-1.2428E+00,-532.7E-03
-6.1700E+00,-1.3157E+00,-537.7E-03
-6.1600E+00,-1.0820E+00,-464.8E-03
-6.1500E+00,-1.1298E+00,-497.5E-03
-6.1400E+00,-1.1624E+00,-397.0E-03
-6.1300E+00,-1.0820E+00,-457.3E-03
-6.1200E+00,-1.0016E+00,-356.8E-03
-6.1100E+00,-1.0016E+00,-223.6E-03
-6.1000E+00,-1.0569E+00,-236.2E-03
-6.0900E+00,-921.2E-03,-150.8E-03
-6.0800E+00,-921.2E-03,-196.0E-03
-6.0700E+00,-825.7E-03,-143.2E-03
-6.0600E+00,-908.7E-03,-130.7E-03
-6.0500E+00,-768.0E-03,-70.4E-03
-6.0400E+00,-813.2E-03,-35.2E-03
-6.0300E+00,-760.4E-03,-15.1E-03
-6.0200E+00,-815.7E-03,-62.8E-03
-6.0100E+00,-680.0E-03,+25.1E-03
-6.0000E+00,-627.3E-03,+17.6E-03
-5.9900E+00,-632.3E-03,+17.6E-03
-5.9800E+00,-612.2E-03,+98.0E-03
-5.9700E+00,-592.1E-03,+98.0E-03
-5.9600E+00,-546.9E-03,+150.8E-03
-5.9500E+00,-519.2E-03,+178.4E-03
-5.9400E+00,-451.4E-03,+246.2E-03
-5.9300E+00,-438.8E-03,+331.7E-03
-5.9200E+00,-386.1E-03,+339.2E-03
-5.9100E+00,-310.7E-03,+291.5E-03
-5.9000E+00,-278.0E-03,+326.6E-03
-5.8900E+00,-358.4E-03,+346.7E-03
-5.8800E+00,-305.6E-03,+419.6E-03
-5.8700E+00,-149.9E-03,+467.3E-03
-5.8600E+00,-210.2E-03,+500.0E-03
-5.8500E+00,-124.7E-03,+427.1E-03
-5.8400E+00,-64.4E-03,+527.6E-03
-5.8300E+00,-117.2E-03,+532.7E-03
-5.8200E+00,-49.4E-03,+580.4E-03
-5.8100E+00,-36.8E-03,+653.3E-03
-5.8000E+00,-36.8E-03,+660.8E-03
-5.7900E+00,+43.6E-03,+741.2E-03
-5.7800E+00,+111.4E-03,+673.4E-03
-5.7700E+00,+43.6E-03,+814.1E-03
-5.7600E+00,+124.0E-03,+768.8E-03
-5.7500E+00,+171.7E-03,+821.6E-03
-5.7400E+00,+204.4E-03,+821.6E-03
-5.7300E+00,+211.9E-03,+829.1E-03
-5.7200E+00,+176.8E-03,+902.0E-03
-5.7100E+00,+284.8E-03,+949.7E-03
-5.7000E+00,+297.4E-03,+927.1E-03
-5.6900E+00,+365.2E-03,+982.4E-03
-5.6800E+00,+392.8E-03,+1.0101E+00
-5.6700E+00,+380.3E-03,+1.0302E+00
-5.6600E+00,+445.6E-03,+1.1432E+00
-5.6500E+00,+518.5E-03,+1.2161E+00
-5.6400E+00,+473.2E-03,+1.2236E+00
-5.6300E+00,+526.0E-03,+1.2236E+00
-5.6200E+00,+593.8E-03,+1.2915E+00
-5.6100E+00,+606.4E-03,+1.2312E+00
-5.6000E+00,+659.2E-03,+1.2513E+00
-5.5900E+00,+654.2E-03,+1.3518E+00
-5.5800E+00,+606.4E-03,+1.4397E+00
-5.5700E+00,+767.2E-03,+1.3844E+00
-5.5600E+00,+767.2E-03,+1.4121E+00
-5.5500E+00,+767.2E-03,+1.4648E+00
-5.5400E+00,+779.8E-03,+1.5452E+00
-5.5300E+00,+774.8E-03,+1.4724E+00
-5.5200E+00,+820.0E-03,+1.5201E+00
-5.5100E+00,+960.7E-03,+1.5779E+00
-5.5000E+00,+915.5E-03,+1.5452E+00
-5.4900E+00,+935.6E-03,+1.5528E+00
-5.4800E+00,+1.0084E+00,+1.6005E+00
-5.4700E+00,+1.0888E+00,+1.7864E+00
-5.4600E+00,+1.0210E+00,+1.7060E+00
-5.4500E+00,+1.0813E+00,+1.7060E+00
-5.4400E+00,+1.1416E+00,+1.7864E+00
-5.4300E+00,+1.1692E+00,+1.7387E+00
-5.4200E+00,+1.2496E+00,+1.7990E+00
-5.4100E+00,+1.2496E+00,+1.8668E+00
-5.4000E+00,+1.2496E+00,+1.9196E+00
-5.3900E+00,+1.2496E+00,+1.9322E+00
-5.3800E+00,+1.3175E+00,+1.8794E+00
-5.3700E+00,+1.3225E+00,+1.8819E+00
-5.3600E+00,+1.4381E+00,+2.0276E+00
-5.3500E+00,+1.4582E+00,+2.0276E+00
-5.3400E+00,+1.4783E+00,+2.0955E+00
-5.3300E+00,+1.4908E+00,+2.0352E+00
-5.3200E+00,+1.5461E+00,+2.1080E+00
-5.3100E+00,+1.5235E+00,+2.1558E+00
-5.3000E+00,+1.6391E+00,+2.2563E+00
-5.2900E+00,+1.5712E+00,+2.2688E+00
-5.2800E+00,+1.6265E+00,+2.2161E+00
-5.2700E+00,+1.6516E+00,+2.2362E+00
-5.2600E+00,+1.7320E+00,+2.3492E+00
-5.2500E+00,+1.8049E+00,+2.3492E+00
-5.2400E+00,+1.7597E+00,+2.3492E+00
-5.2300E+00,+1.8124E+00,+2.3970E+00
-5.2200E+00,+1.8677E+00,+2.4171E+00
-5.2100E+00,+1.8200E+00,+2.4372E+00
-5.2000E+00,+1.8928E+00,+2.5101E+00
-5.1900E+00,+1.8928E+00,+2.5427E+00
-5.1800E+00,+1.8928E+00,+2.5352E+00
-5.1700E+00,+1.9808E+00,+2.5176E+00
-5.1600E+00,+1.9732E+00,+2.6432E+00
-5.1500E+00,+2.0863E+00,+2.5578E+00
-5.1400E+00,+2.1215E+00,+2.6709E+00
-5.1300E+00,+2.1341E+00,+2.6709E+00
-5.1200E+00,+2.1341E+00,+2.6709E+00
-5.1100E+00,+2.2145E+00,+2.7035E+00
-5.1000E+00,+2.2270E+00,+2.7513E+00
-5.0900E+00,+2.2145E+00,+2.6784E+00
-5.0800E+00,+2.2672E+00,+2.8317E+00
-5.0700E+00,+2.2949E+00,+2.8317E+00
-5.0600E+00,+2.3753E+00,+2.8317E+00
-5.0500E+00,+2.2371E+00,+2.9774E+00
-5.0400E+00,+2.4029E+00,+2.8593E+00
-5.0300E+00,+2.4079E+00,+2.8794E+00
-5.0200E+00,+2.5361E+00,+2.9121E+00
-5.0100E+00,+2.4481E+00,+2.9271E+00
-5.0000E+00,+2.5888E+00,+2.9648E+00
-4.9900E+00,+2.5687E+00,+3.0729E+00
-4.9800E+00,+2.5913E+00,+3.0729E+00
-4.9700E+00,+2.6818E+00,+3.1457E+00
-4.9600E+00,+2.6441E+00,+3.1256E+00
-4.9500E+00,+2.6315E+00,+3.1533E+00
-4.9400E+00,+2.5612E+00,+3.0854E+00
-4.9300E+00,+2.6240E+00,+3.3141E+00
-4.9200E+00,+2.8300E+00,+3.2337E+00
-4.9100E+00,+2.7773E+00,+3.1859E+00
-4.9000E+00,+2.8577E+00,+3.2211E+00
-4.8900E+00,+2.8577E+00,+3.3141E+00
-4.8800E+00,+2.8853E+00,+3.2889E+00
-4.8700E+00,+2.8099E+00,+3.3141E+00
-4.8600E+00,+2.9381E+00,+3.3015E+00
-4.8500E+00,+2.9381E+00,+3.3945E+00
-4.8400E+00,+2.9908E+00,+3.3417E+00
-4.8300E+00,+2.9707E+00,+3.3945E+00
-4.8200E+00,+3.0310E+00,+3.3392E+00
-4.8100E+00,+3.0913E+00,+3.4598E+00
-4.8000E+00,+3.0989E+00,+3.5025E+00
-4.7900E+00,+3.0034E+00,+3.5075E+00
-4.7800E+00,+3.1667E+00,+3.5427E+00
-4.7700E+00,+3.1064E+00,+3.6281E+00
-4.7600E+00,+3.2320E+00,+3.5829E+00
-4.7500E+00,+3.2270E+00,+3.5553E+00
-4.7400E+00,+3.1918E+00,+3.5678E+00
-4.7300E+00,+3.3250E+00,+3.6357E+00
-4.7200E+00,+3.3401E+00,+3.6357E+00
-4.7100E+00,+3.3401E+00,+3.6683E+00
-4.7000E+00,+3.3526E+00,+3.7161E+00
-4.6900E+00,+3.3476E+00,+3.7161E+00
-4.6800E+00,+3.4456E+00,+3.7161E+00
-4.6700E+00,+3.3878E+00,+3.7487E+00
-4.6600E+00,+3.5009E+00,+3.7965E+00
-4.6500E+00,+3.4280E+00,+3.7965E+00
-4.6400E+00,+3.4481E+00,+3.7688E+00
-4.6300E+00,+3.5009E+00,+3.7487E+00
-4.6200E+00,+3.5687E+00,+3.8769E+00
-4.6100E+00,+3.5084E+00,+3.8693E+00
-4.6000E+00,+3.6341E+00,+3.8518E+00
-4.5900E+00,+3.6290E+00,+3.9573E+00
-4.5800E+00,+3.5938E+00,+3.9322E+00
-4.5700E+00,+3.6617E+00,+3.8844E+00
-4.5600E+00,+3.7145E+00,+3.9573E+00
-4.5500E+00,+3.7421E+00,+3.9899E+00
-4.5400E+00,+3.7421E+00,+3.9698E+00
-4.5300E+00,+3.8150E+00,+4.0377E+00
-4.5200E+00,+3.7949E+00,+4.0101E+00
-4.5100E+00,+3.8552E+00,+4.0377E+00
-4.5000E+00,+3.8351E+00,+4.0377E+00
-4.4900E+00,+3.8225E+00,+4.0377E+00
-4.4800E+00,+3.9029E+00,+4.1709E+00
-4.4700E+00,+3.9029E+00,+4.1658E+00
-4.4600E+00,+3.9707E+00,+4.1181E+00
-4.4500E+00,+3.8300E+00,+4.1181E+00
-4.4400E+00,+4.0109E+00,+4.0653E+00
-4.4300E+00,+3.9356E+00,+4.2312E+00
-4.4200E+00,+4.0511E+00,+4.1307E+00
-4.4100E+00,+4.1441E+00,+4.2714E+00
-4.4000E+00,+3.9833E+00,+4.1985E+00
-4.3900E+00,+4.1114E+00,+4.1985E+00
-4.3800E+00,+4.1441E+00,+4.1985E+00
-4.3700E+00,+4.0637E+00,+4.1985E+00
-4.3600E+00,+4.1969E+00,+4.2261E+00
-4.3500E+00,+4.1918E+00,+4.2940E+00
-4.3400E+00,+4.2245E+00,+4.2789E+00
-4.3300E+00,+4.1441E+00,+4.2789E+00
-4.3200E+00,+4.2245E+00,+4.2789E+00
-4.3100E+00,+4.2722E+00,+4.2312E+00
-4.3000E+00,+4.3049E+00,+4.2236E+00
-4.2900E+00,+4.3049E+00,+4.3593E+00
-4.2800E+00,+4.2521E+00,+4.4146E+00
-4.2700E+00,+4.3526E+00,+4.3266E+00
-4.2600E+00,+4.3049E+00,+4.3593E+00
-4.2500E+00,+4.3124E+00,+4.4397E+00
-4.2400E+00,+4.3577E+00,+4.3869E+00
-4.2300E+00,+4.4657E+00,+4.4397E+00
-4.2200E+00,+4.4531E+00,+4.4271E+00
-4.2100E+00,+4.4582E+00,+4.3744E+00
-4.2000E+00,+4.4129E+00,+4.4397E+00
-4.1900E+00,+4.4984E+00,+4.4874E+00
-4.1800E+00,+4.5335E+00,+4.4397E+00
-4.1700E+00,+4.4732E+00,+4.4397E+00
-4.1600E+00,+4.4657E+00,+4.5201E+00
-4.1500E+00,+4.4984E+00,+4.4573E+00
-4.1400E+00,+4.4783E+00,+4.5075E+00
-4.1300E+00,+4.5461E+00,+4.4397E+00
-4.1200E+00,+4.5461E+00,+4.4925E+00
-4.1100E+00,+4.5938E+00,+4.6005E+00
-4.1000E+00,+4.5587E+00,+4.4397E+00
-4.0900E+00,+4.6265E+00,+4.5201E+00
-4.0800E+00,+4.6265E+00,+4.5201E+00
-4.0700E+00,+4.6265E+00,+4.4724E+00
-4.0600E+00,+4.7069E+00,+4.6005E+00
-4.0500E+00,+4.7069E+00,+4.6809E+00
-4.0400E+00,+4.6542E+00,+4.6533E+00
-4.0300E+00,+4.6592E+00,+4.6005E+00
-4.0200E+00,+4.7748E+00,+4.6131E+00
-4.0100E+00,+4.7069E+00,+4.6809E+00
-4.0000E+00,+4.7346E+00,+4.6256E+00
-3.9900E+00,+4.7547E+00,+4.6332E+00
-3.9800E+00,+4.7748E+00,+4.5327E+00
-3.9700E+00,+4.7798E+00,+4.6734E+00
-3.9600E+00,+4.7873E+00,+4.6005E+00
-3.9500E+00,+4.8677E+00,+4.6809E+00
-3.9400E+00,+4.7999E+00,+4.6683E+00
-3.9300E+00,+4.8677E+00,+4.6734E+00
-3.9200E+00,+4.7597E+00,+4.6809E+00
-3.9100E+00,+4.9155E+00,+4.7286E+00
-3.9000E+00,+4.8803E+00,+4.7613E+00
-3.8900E+00,+4.9406E+00,+4.6156E+00
-3.8800E+00,+4.8677E+00,+4.7085E+00
-3.8700E+00,+4.8677E+00,+4.6809E+00
-3.8600E+00,+4.8552E+00,+4.6809E+00
-3.8500E+00,+4.8677E+00,+4.7613E+00
-3.8400E+00,+4.8702E+00,+4.6809E+00
-3.8300E+00,+4.9004E+00,+4.6809E+00
-3.8200E+00,+4.9481E+00,+4.7487E+00
-3.8100E+00,+4.9481E+00,+4.6809E+00
-3.8000E+00,+4.9481E+00,+4.7085E+00
-3.7900E+00,+4.9481E+00,+4.7286E+00
-3.7800E+00,+4.9481E+00,+4.6809E+00
-3.7700E+00,+5.0134E+00,+4.7613E+00
-3.7600E+00,+4.9481E+00,+4.7613E+00
-3.7500E+00,+4.9808E+00,+4.7613E+00
-3.7400E+00,+4.8803E+00,+4.7487E+00
-3.7300E+00,+5.0210E+00,+4.6809E+00
-3.7200E+00,+4.9481E+00,+4.6809E+00
-3.7100E+00,+4.9481E+00,+4.7613E+00
-3.7000E+00,+4.9356E+00,+4.6935E+00
-3.6900E+00,+4.9406E+00,+4.6884E+00
-3.6800E+00,+5.0009E+00,+4.6809E+00
-3.6700E+00,+4.9959E+00,+4.7286E+00
-3.6600E+00,+4.9607E+00,+4.7613E+00
-3.6500E+00,+4.9481E+00,+4.6809E+00
-3.6400E+00,+4.9205E+00,+4.7085E+00
-3.6300E+00,+5.0285E+00,+4.6809E+00
-3.6200E+00,+4.9607E+00,+4.6256E+00
-3.6100E+00,+5.0210E+00,+4.6734E+00
-3.6000E+00,+5.0285E+00,+4.7337E+00
-3.5900E+00,+5.0285E+00,+4.6809E+00
-3.5800E+00,+4.9481E+00,+4.7487E+00
-3.5700E+00,+4.9557E+00,+4.6809E+00
-3.5600E+00,+5.0009E+00,+4.6809E+00
-3.5500E+00,+4.9959E+00,+4.6809E+00
-3.5400E+00,+5.0160E+00,+4.7487E+00
-3.5300E+00,+5.0210E+00,+4.6809E+00
-3.5200E+00,+5.0285E+00,+4.6809E+00
-3.5100E+00,+4.8677E+00,+4.6332E+00
-3.5000E+00,+5.0285E+00,+4.6131E+00
-3.4900E+00,+4.9557E+00,+4.6005E+00
-3.4800E+00,+4.9230E+00,+4.6005E+00
-3.4700E+00,+4.9959E+00,+4.6332E+00
-3.4600E+00,+4.9607E+00,+4.6809E+00
-3.4500E+00,+5.0285E+00,+4.6080E+00
-3.4400E+00,+5.0009E+00,+4.6005E+00
-3.4300E+00,+5.0285E+00,+4.5678E+00
-3.4200E+00,+4.9607E+00,+4.6005E+00
-3.4100E+00,+5.0210E+00,+4.4472E+00
-3.4000E+00,+4.9481E+00,+4.5201E+00
-3.3900E+00,+5.0285E+00,+4.5528E+00
-3.3800E+00,+5.0285E+00,+4.5754E+00
-3.3700E+00,+4.9481E+00,+4.5930E+00
-3.3600E+00,+5.0009E+00,+4.5477E+00
-3.3500E+00,+5.0285E+00,+4.4724E+00
-3.3400E+00,+5.0285E+00,+4.5201E+00
-3.3300E+00,+4.9557E+00,+4.4472E+00
-3.3200E+00,+5.0009E+00,+4.4397E+00
-3.3100E+00,+4.9481E+00,+4.4724E+00
-3.3000E+00,+5.0160E+00,+4.5201E+00
-3.2900E+00,+5.0210E+00,+4.3593E+00
-3.2800E+00,+5.0285E+00,+4.4673E+00
-3.2700E+00,+4.9481E+00,+4.4724E+00
-3.2600E+00,+4.9607E+00,+4.4397E+00
-3.2500E+00,+4.9557E+00,+4.4397E+00
-3.2400E+00,+4.9481E+00,+4.4397E+00
-3.2300E+00,+4.9959E+00,+4.3920E+00
-3.2200E+00,+4.9481E+00,+4.4271E+00
-3.2100E+00,+4.9481E+00,+4.3593E+00
-3.2000E+00,+4.9732E+00,+4.4121E+00
-3.1900E+00,+4.9004E+00,+4.3593E+00
-3.1800E+00,+4.9356E+00,+4.3467E+00
-3.1700E+00,+4.9632E+00,+4.2789E+00
-3.1600E+00,+4.9481E+00,+4.3065E+00
-3.1500E+00,+4.9481E+00,+4.3116E+00
-3.1400E+00,+4.9481E+00,+4.1985E+00
-3.1300E+00,+4.9481E+00,+4.2714E+00
-3.1200E+00,+4.9481E+00,+4.2513E+00
-3.1100E+00,+4.9004E+00,+4.2462E+00
-3.1000E+00,+4.8677E+00,+4.1985E+00
-3.0900E+00,+4.9406E+00,+4.2789E+00
-3.0800E+00,+4.9481E+00,+4.1985E+00
-3.0700E+00,+4.9481E+00,+4.2312E+00
-3.0600E+00,+4.8803E+00,+4.2663E+00
-3.0500E+00,+4.8753E+00,+4.1256E+00
-3.0400E+00,+4.8677E+00,+4.1457E+00
-3.0300E+00,+4.8200E+00,+4.1658E+00
-3.0200E+00,+4.8552E+00,+4.2538E+00
-3.0100E+00,+4.8677E+00,+4.0452E+00
-3.0000E+00,+4.9230E+00,+4.2236E+00
-2.9900E+00,+4.8049E+00,+4.1181E+00
-2.9800E+00,+4.8677E+00,+4.1307E+00
-2.9700E+00,+4.8024E+00,+4.0452E+00
-2.9600E+00,+4.8677E+00,+4.0905E+00
-2.9500E+00,+4.8200E+00,+4.0050E+00
-2.9400E+00,+4.8552E+00,+3.9698E+00
-2.9300E+00,+4.8451E+00,+4.0377E+00
-2.9200E+00,+4.7873E+00,+3.9573E+00
-2.9100E+00,+4.7722E+00,+3.9899E+00
-2.9000E+00,+4.7069E+00,+3.8643E+00
-2.8900E+00,+4.7145E+00,+3.9497E+00
-2.8800E+00,+4.7069E+00,+3.9296E+00
-2.8700E+00,+4.7396E+00,+3.8291E+00
-2.8600E+00,+4.7069E+00,+3.8643E+00
-2.8500E+00,+4.7722E+00,+3.7965E+00
-2.8400E+00,+4.7597E+00,+3.7965E+00
-2.8300E+00,+4.7396E+00,+3.8291E+00
-2.8200E+00,+4.6944E+00,+3.7965E+00
-2.8100E+00,+4.6341E+00,+3.7889E+00
-2.8000E+00,+4.6265E+00,+3.7437E+00
-2.7900E+00,+4.6265E+00,+3.7487E+00
-2.7800E+00,+4.5587E+00,+3.7161E+00
-2.7700E+00,+4.6265E+00,+3.5704E+00
-2.7600E+00,+4.6793E+00,+3.6357E+00
-2.7500E+00,+4.5461E+00,+3.6683E+00
-2.7400E+00,+4.6265E+00,+3.6482E+00
-2.7300E+00,+4.5461E+00,+3.6432E+00
-2.7200E+00,+4.5712E+00,+3.5829E+00
-2.7100E+00,+4.5134E+00,+3.5553E+00
-2.7000E+00,+4.4531E+00,+3.5427E+00
-2.6900E+00,+4.5386E+00,+3.4899E+00
-2.6800E+00,+4.4657E+00,+3.5276E+00
-2.6700E+00,+4.4180E+00,+3.5553E+00
-2.6600E+00,+4.3979E+00,+3.4623E+00
-2.6500E+00,+4.3928E+00,+3.4673E+00
-2.6400E+00,+4.3602E+00,+3.4221E+00
-2.6300E+00,+4.3853E+00,+3.3945E+00
-2.6200E+00,+4.3853E+00,+3.4623E+00
-2.6100E+00,+4.3049E+00,+3.3216E+00
-2.6000E+00,+4.2521E+00,+3.3945E+00
-2.5900E+00,+4.2572E+00,+3.3618E+00
-2.5800E+00,+4.2371E+00,+3.2462E+00
-2.5700E+00,+4.2974E+00,+3.3065E+00
-2.5600E+00,+4.2521E+00,+3.2613E+00
-2.5500E+00,+4.2572E+00,+3.1859E+00
-2.5400E+00,+4.2923E+00,+3.2337E+00
-2.5300E+00,+4.2245E+00,+3.1533E+00
-2.5200E+00,+4.1969E+00,+3.2060E+00
-2.5100E+00,+4.0637E+00,+3.1206E+00
-2.5000E+00,+4.0637E+00,+3.0854E+00
-2.4900E+00,+4.0562E+00,+3.1533E+00
-2.4800E+00,+4.0109E+00,+3.1005E+00
-2.4700E+00,+3.9356E+00,+3.0729E+00
-2.4600E+00,+4.0511E+00,+2.9925E+00
-2.4500E+00,+3.9104E+00,+2.9196E+00
-2.4400E+00,+3.9557E+00,+2.9673E+00
-2.4300E+00,+3.9506E+00,+2.9121E+00
-2.4200E+00,+3.9155E+00,+2.9799E+00
-2.4100E+00,+3.8225E+00,+2.9121E+00
-2.4000E+00,+3.8501E+00,+2.8593E+00
-2.3900E+00,+3.8376E+00,+2.8317E+00
-2.3800E+00,+3.7547E+00,+2.7085E+00
-2.3700E+00,+3.7421E+00,+2.8317E+00
-2.3600E+00,+3.7170E+00,+2.7513E+00
-2.3500E+00,+3.6944E+00,+2.7186E+00
-2.3400E+00,+3.7295E+00,+2.7261E+00
-2.3300E+00,+3.6617E+00,+2.7437E+00
-2.3200E+00,+3.6366E+00,+2.6432E+00
-2.3100E+00,+3.5486E+00,+2.5905E+00
-2.3000E+00,+3.6491E+00,+2.5905E+00
-2.2900E+00,+3.5813E+00,+2.5251E+00
-2.2800E+00,+3.5285E+00,+2.5101E+00
-2.2700E+00,+3.5813E+00,+2.5578E+00
-2.2600E+00,+3.5134E+00,+2.5101E+00
-2.2500E+00,+3.5009E+00,+2.4372E+00
-2.2400E+00,+3.4456E+00,+2.4296E+00
-2.2300E+00,+3.4205E+00,+2.4774E+00
-2.2200E+00,+3.4079E+00,+2.2940E+00
-2.2100E+00,+3.3401E+00,+2.4221E+00
-2.2000E+00,+3.3124E+00,+2.3492E+00
-2.1900E+00,+3.2597E+00,+2.3492E+00
-2.1800E+00,+3.3954E+00,+2.3367E+00
-2.1700E+00,+3.1868E+00,+2.2688E+00
-2.1600E+00,+3.2848E+00,+2.2161E+00
-2.1500E+00,+3.1793E+00,+2.2362E+00
-2.1400E+00,+3.1114E+00,+2.1884E+00
-2.1300E+00,+3.1793E+00,+2.1156E+00
-2.1200E+00,+3.1265E+00,+2.1080E+00
-2.1100E+00,+3.0511E+00,+2.1080E+00
-2.1000E+00,+3.0185E+00,+2.0402E+00
-2.0900E+00,+2.9456E+00,+2.0352E+00
-2.0800E+00,+2.9657E+00,+1.9749E+00
-2.0700E+00,+3.0185E+00,+1.9472E+00
-2.0600E+00,+2.8577E+00,+1.8794E+00
-2.0500E+00,+2.8652E+00,+1.8668E+00
-2.0400E+00,+2.8853E+00,+1.8920E+00
-2.0300E+00,+2.8577E+00,+1.8995E+00
-2.0200E+00,+2.7773E+00,+1.7864E+00
-2.0100E+00,+2.8351E+00,+1.8593E+00
-2.0000E+00,+2.8049E+00,+1.7337E+00
-1.9900E+00,+2.7773E+00,+1.7538E+00
-1.9800E+00,+2.6969E+00,+1.6382E+00
-1.9700E+00,+2.7044E+00,+1.6985E+00
-1.9600E+00,+2.7496E+00,+1.6256E+00
-1.9500E+00,+2.6165E+00,+1.6256E+00
-1.9400E+00,+2.6165E+00,+1.6382E+00
-1.9300E+00,+2.4632E+00,+1.5452E+00
-1.9200E+00,+2.5361E+00,+1.5176E+00
-1.9100E+00,+2.4557E+00,+1.4975E+00
-1.9000E+00,+2.5361E+00,+1.4523E+00
-1.8900E+00,+2.4557E+00,+1.4573E+00
-1.8800E+00,+2.4557E+00,+1.4648E+00
-1.8700E+00,+2.4230E+00,+1.3844E+00
-1.8600E+00,+2.4431E+00,+1.3166E+00
-1.8500E+00,+2.2949E+00,+1.3769E+00
-1.8400E+00,+2.2672E+00,+1.3317E+00
-1.8300E+00,+2.2471E+00,+1.3367E+00
-1.8200E+00,+2.2145E+00,+1.1683E+00
-1.8100E+00,+2.2069E+00,+1.2236E+00
-1.8000E+00,+2.1868E+00,+1.1960E+00
-1.7900E+00,+2.1818E+00,+1.1910E+00
-1.7800E+00,+2.1341E+00,+1.1432E+00
-1.7700E+00,+2.0687E+00,+1.0628E+00
-1.7600E+00,+2.0285E+00,+1.0628E+00
-1.7500E+00,+2.0210E+00,+1.0628E+00
-1.7400E+00,+1.8928E+00,+982.4E-03
-1.7300E+00,+1.9732E+00,+982.4E-03
-1.7200E+00,+1.9732E+00,+902.0E-03
-1.7100E+00,+1.8602E+00,+854.3E-03
-1.7000E+00,+1.8803E+00,+889.4E-03
-1.6900E+00,+1.8200E+00,+829.1E-03
-1.6800E+00,+1.8124E+00,+768.8E-03
-1.6700E+00,+1.7647E+00,+741.2E-03
-1.6600E+00,+1.7572E+00,+741.2E-03
-1.6500E+00,+1.8049E+00,+668.3E-03
-1.6400E+00,+1.6516E+00,+660.8E-03
-1.6300E+00,+1.6994E+00,+660.8E-03
-1.6200E+00,+1.5712E+00,+648.2E-03
-1.6100E+00,+1.6441E+00,+580.4E-03
-1.6000E+00,+1.5712E+00,+580.4E-03
-1.5900E+00,+1.5235E+00,+500.0E-03
-1.5800E+00,+1.4908E+00,+444.7E-03
-1.5700E+00,+1.4908E+00,+492.5E-03
-1.5600E+00,+1.4632E+00,+500.0E-03
-1.5500E+00,+1.3954E+00,+419.6E-03
-1.5400E+00,+1.3300E+00,+364.3E-03
-1.5300E+00,+1.3300E+00,+339.2E-03
-1.5200E+00,+1.3024E+00,+286.4E-03
-1.5100E+00,+1.3300E+00,+339.2E-03
-1.5000E+00,+1.2496E+00,+178.4E-03
-1.4900E+00,+1.2496E+00,+258.8E-03
-1.4800E+00,+1.2220E+00,+178.4E-03
-1.4700E+00,+1.1542E+00,+226.1E-03
-1.4600E+00,+1.0763E+00,+110.6E-03
-1.4500E+00,+1.0888E+00,+105.5E-03
-1.4400E+00,+1.1416E+00,+70.4E-03
-1.4300E+00,+1.0888E+00,+17.6E-03
-1.4200E+00,+995.9E-03,+30.2E-03
-1.4100E+00,+1.0009E+00,-55.3E-03
-1.4000E+00,+928.0E-03,-10.1E-03
-1.3900E+00,+895.4E-03,-95.5E-03
-1.3800E+00,+928.0E-03,-130.7E-03
-1.3700E+00,+840.1E-03,-143.2E-03
-1.3600E+00,+742.1E-03,-143.2E-03
-1.3500E+00,+752.1E-03,-223.6E-03
-1.3400E+00,+767.2E-03,-211.1E-03
-1.3300E+00,+686.8E-03,-231.2E-03
-1.3200E+00,+686.8E-03,-304.0E-03
-1.3100E+00,+639.1E-03,-304.0E-03
-1.3000E+00,+661.7E-03,-384.4E-03
-1.2900E+00,+606.4E-03,-376.9E-03
-1.2800E+00,+473.2E-03,-412.1E-03
-1.2700E+00,+621.5E-03,-447.2E-03
-1.2600E+00,+526.0E-03,-464.8E-03
-1.2500E+00,+372.7E-03,-472.4E-03
-1.2400E+00,+445.6E-03,-464.8E-03
-1.2300E+00,+478.3E-03,-560.3E-03
-1.2200E+00,+433.0E-03,-613.1E-03
-1.2100E+00,+357.7E-03,-698.5E-03
-1.2000E+00,+337.6E-03,-706.0E-03
-1.1900E+00,+252.1E-03,-706.0E-03
-1.1800E+00,+284.8E-03,-786.4E-03
-1.1700E+00,+204.4E-03,-706.0E-03
-1.1600E+00,+176.8E-03,-733.7E-03
-1.1500E+00,+156.7E-03,-834.2E-03
-1.1400E+00,+56.2E-03,-947.2E-03
-1.1300E+00,+116.5E-03,-874.4E-03
-1.1200E+00,+43.6E-03,-947.2E-03
-1.1100E+00,-4.1E-03,-995.0E-03
-1.1000E+00,-104.6E-03,-959.8E-03
-1.0900E+00,-109.7E-03,-947.2E-03
-1.0800E+00,-144.8E-03,-1.0829E+00
-1.0700E+00,-117.2E-03,-1.1080E+00
-1.0600E+00,-117.2E-03,-1.1080E+00
-1.0500E+00,-124.7E-03,-1.1809E+00
-1.0400E+00,-225.2E-03,-1.1884E+00
-1.0300E+00,-245.3E-03,-1.1558E+00
-1.0200E+00,-197.6E-03,-1.2563E+00
-1.0100E+00,-205.1E-03,-1.1960E+00
-1.0000E+00,-358.4E-03,-1.3216E+00
-990.0E-03,-406.2E-03,-1.3492E+00
-980.0E-03,-358.4E-03,-1.2563E+00
-970.0E-03,-365.9E-03,-1.4296E+00
-960.0E-03,-411.2E-03,-1.2965E+00
-950.0E-03,-438.8E-03,-1.4296E+00
-940.0E-03,-451.4E-03,-1.5101E+00
-930.0E-03,-526.8E-03,-1.5101E+00
-920.0E-03,-572.0E-03,-1.5905E+00
-910.0E-03,-647.4E-03,-1.4950E+00
-900.0E-03,-612.2E-03,-1.5653E+00
-890.0E-03,-752.9E-03,-1.5980E+00
-880.0E-03,-707.7E-03,-1.6985E+00
-870.0E-03,-775.5E-03,-1.7035E+00
-860.0E-03,-760.4E-03,-1.7387E+00
-850.0E-03,-760.4E-03,-1.6784E+00
-840.0E-03,-788.1E-03,-1.7261E+00
-830.0E-03,-888.6E-03,-1.7513E+00
-820.0E-03,-908.7E-03,-1.7638E+00
-810.0E-03,-913.7E-03,-1.9045E+00
-800.0E-03,-921.2E-03,-1.9397E+00
-790.0E-03,-953.9E-03,-1.9925E+00
-780.0E-03,-946.4E-03,-1.9799E+00
-770.0E-03,-1.0016E+00,-2.0000E+00
-760.0E-03,-1.0820E+00,-1.9925E+00
-750.0E-03,-1.0820E+00,-1.9925E+00
-740.0E-03,-1.1624E+00,-2.2211E+00
-730.0E-03,-1.1624E+00,-2.0804E+00
-720.0E-03,-1.2428E+00,-2.1005E+00
-710.0E-03,-1.2906E+00,-2.2186E+00
-700.0E-03,-1.2428E+00,-2.2211E+00
-690.0E-03,-1.3232E+00,-2.2261E+00
-680.0E-03,-1.2956E+00,-2.2060E+00
-670.0E-03,-1.3082E+00,-2.2663E+00
-660.0E-03,-1.4162E+00,-2.3141E+00
-650.0E-03,-1.4840E+00,-2.3141E+00
-640.0E-03,-1.4313E+00,-2.4472E+00
-630.0E-03,-1.4514E+00,-2.4422E+00
-620.0E-03,-1.4162E+00,-2.3266E+00
-610.0E-03,-1.5644E+00,-2.4020E+00
-600.0E-03,-1.5368E+00,-2.5276E+00
-590.0E-03,-1.6122E+00,-2.5075E+00
-580.0E-03,-1.6448E+00,-2.4874E+00
-570.0E-03,-1.6448E+00,-2.5477E+00
-560.0E-03,-1.6448E+00,-2.5804E+00
-550.0E-03,-1.7579E+00,-2.6357E+00
-540.0E-03,-1.6700E+00,-2.6482E+00
-530.0E-03,-1.8056E+00,-2.6357E+00
-520.0E-03,-1.7780E+00,-2.6884E+00
-510.0E-03,-1.8861E+00,-2.6834E+00
-500.0E-03,-1.8182E+00,-2.7161E+00
-490.0E-03,-1.9665E+00,-2.7236E+00
-480.0E-03,-1.9665E+00,-2.7965E+00
-470.0E-03,-1.9991E+00,-2.8618E+00
-460.0E-03,-2.0343E+00,-2.8769E+00
-450.0E-03,-2.0544E+00,-2.9497E+00
-440.0E-03,-2.0469E+00,-2.9296E+00
-430.0E-03,-2.1423E+00,-2.8769E+00
-420.0E-03,-2.1273E+00,-2.9573E+00
-410.0E-03,-2.1348E+00,-2.9648E+00
-400.0E-03,-2.2077E+00,-3.0653E+00
-390.0E-03,-2.2403E+00,-3.0854E+00
-380.0E-03,-2.2202E+00,-3.0628E+00
-370.0E-03,-2.2881E+00,-3.1106E+00
-360.0E-03,-2.3685E+00,-3.1181E+00
-350.0E-03,-2.3207E+00,-3.1181E+00
-340.0E-03,-2.4489E+00,-3.1859E+00
-330.0E-03,-2.4489E+00,-3.1256E+00
-320.0E-03,-2.3961E+00,-3.2261E+00
-310.0E-03,-2.4966E+00,-3.1985E+00
-300.0E-03,-2.5167E+00,-3.2789E+00
-290.0E-03,-2.4564E+00,-3.3593E+00
-280.0E-03,-2.6097E+00,-3.2789E+00
-270.0E-03,-2.6097E+00,-3.2789E+00
-260.0E-03,-2.6097E+00,-3.3593E+00
-250.0E-03,-2.6901E+00,-3.3593E+00
-240.0E-03,-2.6901E+00,-3.4397E+00
-230.0E-03,-2.7378E+00,-3.4397E+00
-220.0E-03,-2.6901E+00,-3.4523E+00
-210.0E-03,-2.7705E+00,-3.4472E+00
-200.0E-03,-2.7705E+00,-3.5477E+00
-190.0E-03,-2.7705E+00,-3.5201E+00
-180.0E-03,-2.9313E+00,-3.5327E+00
-170.0E-03,-2.7780E+00,-3.5201E+00
-160.0E-03,-2.8509E+00,-3.6256E+00
-150.0E-03,-2.8835E+00,-3.6005E+00
-140.0E-03,-2.9313E+00,-3.6809E+00
-130.0E-03,-3.0117E+00,-3.6005E+00
-120.0E-03,-3.0117E+00,-3.6809E+00
-110.0E-03,-3.0921E+00,-3.6809E+00
-100.0E-03,-3.0795E+00,-3.7613E+00
-90.0E-03,-3.0192E+00,-3.6884E+00
-80.0E-03,-3.1448E+00,-3.7613E+00
-70.0E-03,-3.1247E+00,-3.7940E+00
-60.0E-03,-3.1725E+00,-3.7613E+00
-50.0E-03,-3.1649E+00,-3.8417E+00
-40.0E-03,-3.1725E+00,-3.9221E+00
-30.0E-03,-3.2529E+00,-3.9221E+00
-20.0E-03,-3.3333E+00,-3.9347E+00
-10.0E-03,-3.2529E+00,-3.8492E+00
-0.0E+00,-3.3861E+00,-3.9497E+00
+10.0E-03,-3.3333E+00,-3.9698E+00
+20.0E-03,-3.3886E+00,-3.9347E+00
+30.0E-03,-3.4137E+00,-4.0025E+00
+40.0E-03,-3.4137E+00,-4.0025E+00
+50.0E-03,-3.4614E+00,-4.0025E+00
+60.0E-03,-3.5745E+00,-4.0829E+00
+70.0E-03,-3.4941E+00,-4.0025E+00
+80.0E-03,-3.4690E+00,-3.9774E+00
+90.0E-03,-3.6072E+00,-4.0829E+00
+100.0E-03,-3.6549E+00,-4.2060E+00
+110.0E-03,-3.6474E+00,-4.1558E+00
+120.0E-03,-3.6273E+00,-4.1357E+00
+130.0E-03,-3.6549E+00,-4.1307E+00
+140.0E-03,-3.7227E+00,-4.2312E+00
+150.0E-03,-3.6549E+00,-4.0905E+00
+160.0E-03,-3.6825E+00,-4.2437E+00
+170.0E-03,-3.6876E+00,-4.1633E+00
+180.0E-03,-3.7906E+00,-4.2437E+00
+190.0E-03,-3.7428E+00,-4.3166E+00
+200.0E-03,-3.8961E+00,-4.2437E+00
+210.0E-03,-3.8961E+00,-4.2764E+00
+220.0E-03,-3.8157E+00,-4.3241E+00
+230.0E-03,-3.8232E+00,-4.2513E+00
+240.0E-03,-3.8157E+00,-4.3241E+00
+250.0E-03,-3.8961E+00,-4.3568E+00
+260.0E-03,-3.9639E+00,-4.3367E+00
+270.0E-03,-4.0494E+00,-4.4045E+00
+280.0E-03,-4.0016E+00,-4.4045E+00
+290.0E-03,-3.9765E+00,-4.4372E+00
+300.0E-03,-4.0443E+00,-4.4849E+00
+310.0E-03,-4.0494E+00,-4.4045E+00
+320.0E-03,-4.0569E+00,-4.4573E+00
+330.0E-03,-4.0569E+00,-4.5176E+00
+340.0E-03,-4.0695E+00,-4.4849E+00
+350.0E-03,-4.0494E+00,-4.4849E+00
+360.0E-03,-4.1649E+00,-4.5126E+00
+370.0E-03,-4.1373E+00,-4.5327E+00
+380.0E-03,-4.2177E+00,-4.4849E+00
+390.0E-03,-4.2906E+00,-4.5653E+00
+400.0E-03,-4.2453E+00,-4.5402E+00
+410.0E-03,-4.2654E+00,-4.5653E+00
+420.0E-03,-4.1373E+00,-4.4975E+00
+430.0E-03,-4.2252E+00,-4.6457E+00
+440.0E-03,-4.2705E+00,-4.5653E+00
+450.0E-03,-4.2981E+00,-4.5980E+00
+460.0E-03,-4.3659E+00,-4.5779E+00
+470.0E-03,-4.2981E+00,-4.5729E+00
+480.0E-03,-4.3257E+00,-4.6457E+00
+490.0E-03,-4.3308E+00,-4.6935E+00
+500.0E-03,-4.4589E+00,-4.5779E+00
+510.0E-03,-4.3785E+00,-4.6533E+00
+520.0E-03,-4.3534E+00,-4.7789E+00
+530.0E-03,-4.4263E+00,-4.7739E+00
+540.0E-03,-4.3911E+00,-4.7387E+00
+550.0E-03,-4.3785E+00,-4.7261E+00
+560.0E-03,-4.5117E+00,-4.7261E+00
+570.0E-03,-4.4916E+00,-4.8065E+00
+580.0E-03,-4.5393E+00,-4.7387E+00
+590.0E-03,-4.5393E+00,-4.8065E+00
+600.0E-03,-4.5670E+00,-4.7538E+00
+610.0E-03,-4.5242E+00,-4.8065E+00
+620.0E-03,-4.6197E+00,-4.8065E+00
+630.0E-03,-4.5469E+00,-4.8141E+00
+640.0E-03,-4.5670E+00,-4.8065E+00
+650.0E-03,-4.6046E+00,-4.8543E+00
+660.0E-03,-4.5519E+00,-4.8744E+00
+670.0E-03,-4.6197E+00,-4.8065E+00
+680.0E-03,-4.5946E+00,-4.8065E+00
+690.0E-03,-4.6524E+00,-4.9020E+00
+700.0E-03,-4.7680E+00,-4.8191E+00
+710.0E-03,-4.7001E+00,-4.8869E+00
+720.0E-03,-4.7278E+00,-4.8869E+00
+730.0E-03,-4.7805E+00,-4.8543E+00
+740.0E-03,-4.7001E+00,-4.8744E+00
+750.0E-03,-4.7077E+00,-4.8869E+00
+760.0E-03,-4.7805E+00,-4.8869E+00
+770.0E-03,-4.7805E+00,-4.8869E+00
+780.0E-03,-4.7127E+00,-4.8869E+00
+790.0E-03,-4.7881E+00,-4.8216E+00
+800.0E-03,-4.8056E+00,-4.9397E+00
+810.0E-03,-4.7805E+00,-4.9497E+00
+820.0E-03,-4.7805E+00,-4.8995E+00
+830.0E-03,-4.7881E+00,-4.8945E+00
+840.0E-03,-4.7805E+00,-4.9146E+00
+850.0E-03,-4.8132E+00,-4.8869E+00
+860.0E-03,-4.7931E+00,-4.8995E+00
+870.0E-03,-4.7805E+00,-4.9523E+00
+880.0E-03,-4.8333E+00,-4.9397E+00
+890.0E-03,-4.8458E+00,-4.8869E+00
+900.0E-03,-4.7805E+00,-5.0352E+00
+910.0E-03,-4.8609E+00,-4.9673E+00
+920.0E-03,-4.8609E+00,-5.0201E+00
+930.0E-03,-4.8609E+00,-4.9196E+00
+940.0E-03,-4.8609E+00,-4.9121E+00
+950.0E-03,-4.8609E+00,-4.9673E+00
+960.0E-03,-4.8886E+00,-5.0201E+00
+970.0E-03,-4.8609E+00,-4.9347E+00
+980.0E-03,-4.8735E+00,-5.0226E+00
+990.0E-03,-4.8609E+00,-4.9673E+00
+1.0000E+00,-4.9413E+00,-5.0201E+00
+1.0100E+00,-4.8609E+00,-4.8869E+00
+1.0200E+00,-4.9288E+00,-4.8995E+00
+1.0300E+00,-4.9413E+00,-4.9673E+00
+1.0400E+00,-4.8333E+00,-4.9146E+00
+1.0500E+00,-4.8132E+00,-4.9673E+00
+1.0600E+00,-4.9413E+00,-4.9548E+00
+1.0700E+00,-4.9413E+00,-4.8945E+00
+1.0800E+00,-4.9413E+00,-4.9673E+00
+1.0900E+00,-4.8609E+00,-4.9673E+00
+1.1000E+00,-4.8735E+00,-4.8995E+00
+1.1100E+00,-4.8609E+00,-4.9598E+00
+1.1200E+00,-4.8886E+00,-4.9146E+00
+1.1300E+00,-4.8609E+00,-4.9347E+00
+1.1400E+00,-4.8735E+00,-4.8995E+00
+1.1500E+00,-4.9338E+00,-4.8945E+00
+1.1600E+00,-4.8609E+00,-4.8869E+00
+1.1700E+00,-4.8609E+00,-4.8543E+00
+1.1800E+00,-4.9966E+00,-4.8869E+00
+1.1900E+00,-4.8685E+00,-4.8869E+00
+1.2000E+00,-4.8609E+00,-4.8869E+00
+1.2100E+00,-4.8609E+00,-4.8869E+00
+1.2200E+00,-4.9162E+00,-4.8191E+00
+1.2300E+00,-4.9338E+00,-4.8141E+00
+1.2400E+00,-4.8886E+00,-4.8869E+00
+1.2500E+00,-4.9413E+00,-4.8543E+00
+1.2600E+00,-4.9413E+00,-4.8869E+00
+1.2700E+00,-4.8609E+00,-4.8794E+00
+1.2800E+00,-4.8886E+00,-4.7789E+00
+1.2900E+00,-4.9740E+00,-4.8392E+00
+1.3000E+00,-4.9288E+00,-4.8618E+00
+1.3100E+00,-4.8685E+00,-4.7261E+00
+1.3200E+00,-4.8886E+00,-4.7538E+00
+1.3300E+00,-4.8132E+00,-4.7739E+00
+1.3400E+00,-4.9840E+00,-4.7814E+00
+1.3500E+00,-4.9263E+00,-4.6608E+00
+1.3600E+00,-4.8886E+00,-4.6734E+00
+1.3700E+00,-4.9413E+00,-4.7739E+00
+1.3800E+00,-4.9413E+00,-4.8065E+00
+1.3900E+00,-4.9413E+00,-4.7337E+00
+1.4000E+00,-4.8886E+00,-4.6985E+00
+1.4100E+00,-4.8609E+00,-4.7261E+00
+1.4200E+00,-4.9288E+00,-4.6457E+00
+1.4300E+00,-4.8685E+00,-4.7915E+00
+1.4400E+00,-4.8609E+00,-4.6206E+00
+1.4500E+00,-4.8936E+00,-4.6457E+00
+1.4600E+00,-4.8735E+00,-4.5653E+00
+1.4700E+00,-4.8609E+00,-4.6457E+00
+1.4800E+00,-4.9413E+00,-4.6181E+00
+1.4900E+00,-4.8283E+00,-4.5980E+00
+1.5000E+00,-4.8609E+00,-4.6206E+00
+1.5100E+00,-5.0067E+00,-4.5729E+00
+1.5200E+00,-4.8886E+00,-4.6181E+00
+1.5300E+00,-4.9087E+00,-4.5176E+00
+1.5400E+00,-4.9162E+00,-4.5528E+00
+1.5500E+00,-4.8609E+00,-4.5578E+00
+1.5600E+00,-4.8609E+00,-4.5377E+00
+1.5700E+00,-4.9087E+00,-4.5980E+00
+1.5800E+00,-4.7931E+00,-4.5402E+00
+1.5900E+00,-4.7881E+00,-4.4925E+00
+1.6000E+00,-4.8886E+00,-4.5377E+00
+1.6100E+00,-4.7956E+00,-4.4523E+00
+1.6200E+00,-4.7931E+00,-4.4045E+00
+1.6300E+00,-4.7881E+00,-4.3392E+00
+1.6400E+00,-4.7278E+00,-4.4045E+00
+1.6500E+00,-4.7328E+00,-4.4045E+00
+1.6600E+00,-4.7805E+00,-4.3492E+00
+1.6700E+00,-4.7805E+00,-4.4045E+00
+1.6800E+00,-4.7805E+00,-4.3518E+00
+1.6900E+00,-4.7805E+00,-4.3719E+00
+1.7000E+00,-4.7805E+00,-4.4045E+00
+1.7100E+00,-4.7730E+00,-4.3241E+00
+1.7200E+00,-4.7278E+00,-4.3492E+00
+1.7300E+00,-4.6524E+00,-4.3241E+00
+1.7400E+00,-4.7127E+00,-4.3116E+00
+1.7500E+00,-4.7077E+00,-4.1633E+00
+1.7600E+00,-4.6725E+00,-4.2437E+00
+1.7700E+00,-4.6675E+00,-4.2437E+00
+1.7800E+00,-4.6876E+00,-4.2312E+00
+1.7900E+00,-4.7001E+00,-4.2437E+00
+1.8000E+00,-4.6197E+00,-4.1910E+00
+1.8100E+00,-4.6524E+00,-4.1960E+00
+1.8200E+00,-4.7001E+00,-4.0955E+00
+1.8300E+00,-4.6197E+00,-4.0176E+00
+1.8400E+00,-4.5946E+00,-4.0829E+00
+1.8500E+00,-4.5393E+00,-4.0829E+00
+1.8600E+00,-4.6072E+00,-4.0829E+00
+1.8700E+00,-4.6197E+00,-4.0101E+00
+1.8800E+00,-4.5393E+00,-3.9774E+00
+1.8900E+00,-4.5067E+00,-3.9548E+00
+1.9000E+00,-4.5393E+00,-3.9221E+00
+1.9100E+00,-4.5469E+00,-4.0025E+00
+1.9200E+00,-4.5117E+00,-3.9774E+00
+1.9300E+00,-4.5393E+00,-3.8744E+00
+1.9400E+00,-4.4589E+00,-3.7864E+00
+1.9500E+00,-4.4589E+00,-3.8492E+00
+1.9600E+00,-4.4036E+00,-3.8417E+00
+1.9700E+00,-4.4589E+00,-3.7940E+00
+1.9800E+00,-4.3785E+00,-3.8291E+00
+1.9900E+00,-4.3056E+00,-3.8342E+00
+2.0000E+00,-4.3785E+00,-3.8417E+00
+2.0100E+00,-4.2981E+00,-3.7940E+00
+2.0200E+00,-4.3107E+00,-3.6935E+00
+2.0300E+00,-4.2981E+00,-3.6809E+00
+2.0400E+00,-4.3257E+00,-3.6809E+00
+2.0500E+00,-4.2654E+00,-3.6482E+00
+2.0600E+00,-4.2981E+00,-3.6809E+00
+2.0700E+00,-4.2906E+00,-3.6005E+00
+2.0800E+00,-4.2730E+00,-3.6281E+00
+2.0900E+00,-4.2504E+00,-3.5854E+00
+2.1000E+00,-4.2303E+00,-3.5879E+00
+2.1100E+00,-4.1448E+00,-3.5276E+00
+2.1200E+00,-4.2177E+00,-3.5477E+00
+2.1300E+00,-4.1373E+00,-3.5678E+00
+2.1400E+00,-4.1926E+00,-3.5075E+00
+2.1500E+00,-4.1373E+00,-3.5126E+00
+2.1600E+00,-4.0293E+00,-3.4121E+00
+2.1700E+00,-4.0720E+00,-3.3593E+00
+2.1800E+00,-3.9891E+00,-3.3040E+00
+2.1900E+00,-3.9840E+00,-3.2940E+00
+2.2000E+00,-3.8961E+00,-3.2789E+00
+2.2100E+00,-3.9112E+00,-3.3593E+00
+2.2200E+00,-3.9639E+00,-3.3593E+00
+2.2300E+00,-3.9690E+00,-3.2060E+00
+2.2400E+00,-3.9489E+00,-3.1181E+00
+2.2500E+00,-3.9112E+00,-3.1658E+00
+2.2600E+00,-3.8157E+00,-3.1859E+00
+2.2700E+00,-3.7428E+00,-3.1332E+00
+2.2800E+00,-3.8685E+00,-3.1181E+00
+2.2900E+00,-3.7353E+00,-3.1181E+00
+2.3000E+00,-3.7906E+00,-3.1055E+00
+2.3100E+00,-3.6549E+00,-3.0452E+00
+2.3200E+00,-3.7629E+00,-3.1181E+00
+2.3300E+00,-3.6549E+00,-2.9573E+00
+2.3400E+00,-3.6549E+00,-3.0126E+00
+2.3500E+00,-3.5820E+00,-2.9497E+00
+2.3600E+00,-3.5996E+00,-2.9045E+00
+2.3700E+00,-3.5745E+00,-2.9095E+00
+2.3800E+00,-3.5745E+00,-2.8769E+00
+2.3900E+00,-3.5670E+00,-2.7965E+00
+2.4000E+00,-3.4413E+00,-2.9045E+00
+2.4100E+00,-3.4464E+00,-2.8116E+00
+2.4200E+00,-3.4941E+00,-2.6482E+00
+2.4300E+00,-3.4212E+00,-2.7161E+00
+2.4400E+00,-3.4137E+00,-2.6633E+00
+2.4500E+00,-3.4137E+00,-2.6683E+00
+2.4600E+00,-3.3458E+00,-2.6357E+00
+2.4700E+00,-3.3333E+00,-2.4899E+00
+2.4800E+00,-3.2805E+00,-2.5553E+00
+2.4900E+00,-3.2855E+00,-2.6357E+00
+2.5000E+00,-3.3082E+00,-2.4749E+00
+2.5100E+00,-3.1725E+00,-2.4749E+00
+2.5200E+00,-3.2780E+00,-2.4749E+00
+2.5300E+00,-3.1247E+00,-2.5075E+00
+2.5400E+00,-3.2403E+00,-2.4623E+00
+2.5500E+00,-3.0996E+00,-2.4020E+00
+2.5600E+00,-3.0117E+00,-2.3668E+00
+2.5700E+00,-2.9790E+00,-2.3618E+00
+2.5800E+00,-3.0117E+00,-2.3141E+00
+2.5900E+00,-3.0041E+00,-2.2412E+00
+2.6000E+00,-2.9589E+00,-2.2337E+00
+2.6100E+00,-2.9790E+00,-2.2010E+00
+2.6200E+00,-2.9187E+00,-2.2211E+00
+2.6300E+00,-2.9237E+00,-2.2261E+00
+2.6400E+00,-2.9036E+00,-2.1256E+00
+2.6500E+00,-2.7705E+00,-2.1533E+00
+2.6600E+00,-2.7705E+00,-2.0050E+00
+2.6700E+00,-2.7051E+00,-2.0000E+00
+2.6800E+00,-2.7177E+00,-2.0201E+00
+2.6900E+00,-2.6901E+00,-1.9925E+00
+2.7000E+00,-2.6901E+00,-1.9925E+00
+2.7100E+00,-2.5443E+00,-1.9849E+00
+2.7200E+00,-2.6373E+00,-1.9121E+00
+2.7300E+00,-2.5921E+00,-1.8643E+00
+2.7400E+00,-2.5293E+00,-1.7513E+00
+2.7500E+00,-2.5217E+00,-1.7513E+00
+2.7600E+00,-2.5041E+00,-1.7513E+00
+2.7700E+00,-2.4489E+00,-1.6709E+00
+2.7800E+00,-2.4363E+00,-1.7261E+00
+2.7900E+00,-2.3760E+00,-1.5905E+00
+2.8000E+00,-2.3685E+00,-1.6432E+00
+2.8100E+00,-2.3509E+00,-1.5905E+00
+2.8200E+00,-2.3559E+00,-1.5226E+00
+2.8300E+00,-2.2152E+00,-1.5176E+00
+2.8400E+00,-2.2881E+00,-1.5101E+00
+2.8500E+00,-2.2554E+00,-1.5427E+00
+2.8600E+00,-2.2077E+00,-1.4296E+00
+2.8700E+00,-2.2001E+00,-1.4296E+00
+2.8800E+00,-2.1273E+00,-1.3769E+00
+2.8900E+00,-2.1273E+00,-1.3166E+00
+2.9000E+00,-2.0469E+00,-1.2814E+00
+2.9100E+00,-1.9665E+00,-1.3492E+00
+2.9200E+00,-1.9665E+00,-1.3216E+00
+2.9300E+00,-1.9514E+00,-1.2688E+00
+2.9400E+00,-1.8986E+00,-1.1759E+00
+2.9500E+00,-1.8936E+00,-1.1080E+00
+2.9600E+00,-1.8584E+00,-1.1357E+00
+2.9700E+00,-1.8056E+00,-1.0754E+00
+2.9800E+00,-1.6700E+00,-1.0955E+00
+2.9900E+00,-1.8056E+00,-1.1005E+00
+3.0000E+00,-1.7252E+00,-1.0553E+00
+3.0100E+00,-1.7252E+00,-964.8E-03
+3.0200E+00,-1.6574E+00,-959.8E-03
+3.0300E+00,-1.6448E+00,-866.8E-03
+3.0400E+00,-1.6448E+00,-839.2E-03
+3.0500E+00,-1.5644E+00,-866.8E-03
+3.0600E+00,-1.4840E+00,-786.4E-03
+3.0700E+00,-1.4916E+00,-794.0E-03
+3.0800E+00,-1.4840E+00,-786.4E-03
+3.0900E+00,-1.4840E+00,-786.4E-03
+3.1000E+00,-1.3911E+00,-706.0E-03
+3.1100E+00,-1.4840E+00,-706.0E-03
+3.1200E+00,-1.2956E+00,-625.6E-03
+3.1300E+00,-1.3232E+00,-593.0E-03
+3.1400E+00,-1.2680E+00,-613.1E-03
+3.1500E+00,-1.1624E+00,-618.1E-03
+3.1600E+00,-1.3232E+00,-570.4E-03
+3.1700E+00,-1.2102E+00,-417.1E-03
+3.1800E+00,-1.0820E+00,-464.8E-03
+3.1900E+00,-1.1549E+00,-530.2E-03
+3.2000E+00,-1.0820E+00,-464.8E-03
+3.2100E+00,-1.0820E+00,-336.7E-03
+3.2200E+00,-1.0016E+00,-304.0E-03
+3.2300E+00,-994.1E-03,-304.0E-03
+3.2400E+00,-1.0016E+00,-251.3E-03
+3.2500E+00,-825.7E-03,-271.4E-03
+3.2600E+00,-921.2E-03,-155.8E-03
+3.2700E+00,-840.8E-03,-135.7E-03
+3.2800E+00,-868.5E-03,-143.2E-03
+3.2900E+00,-760.4E-03,-62.8E-03
+3.3000E+00,-692.6E-03,-75.4E-03
+3.3100E+00,-687.6E-03,+17.6E-03
+3.3200E+00,-785.5E-03,-62.8E-03
+3.3300E+00,-632.3E-03,+17.6E-03
+3.3400E+00,-680.0E-03,+17.6E-03
+3.3500E+00,-672.5E-03,+90.5E-03
+3.3600E+00,-680.0E-03,+150.8E-03
+3.3700E+00,-551.9E-03,+50.3E-03
+3.3800E+00,-519.2E-03,+246.2E-03
+3.3900E+00,-438.8E-03,+185.9E-03
+3.4000E+00,-438.8E-03,+286.4E-03
+3.4100E+00,-391.1E-03,+339.2E-03
+3.4200E+00,-426.3E-03,+314.1E-03
+3.4300E+00,-358.4E-03,+412.1E-03
+3.4400E+00,-330.8E-03,+392.0E-03
+3.4500E+00,-278.0E-03,+419.6E-03
+3.4600E+00,-222.7E-03,+419.6E-03
+3.4700E+00,-117.2E-03,+492.5E-03
+3.4800E+00,-225.2E-03,+500.0E-03
+3.4900E+00,-149.9E-03,+580.4E-03
+3.5000E+00,-49.4E-03,+525.1E-03
+3.5100E+00,-117.2E-03,+580.4E-03
+3.5200E+00,-89.6E-03,+688.4E-03
+3.5300E+00,-36.8E-03,+660.8E-03
+3.5400E+00,+31.0E-03,+660.8E-03
+3.5500E+00,-29.3E-03,+733.7E-03
+3.5600E+00,+16.0E-03,+741.2E-03
+3.5700E+00,+91.3E-03,+821.6E-03
+3.5800E+00,+124.0E-03,+753.8E-03
+3.5900E+00,+131.5E-03,+821.6E-03
+3.6000E+00,+176.8E-03,+902.0E-03
+3.6100E+00,+171.7E-03,+869.3E-03
+3.6200E+00,+204.4E-03,+1.0377E+00
+3.6300E+00,+357.7E-03,+909.5E-03
+3.6400E+00,+365.2E-03,+982.4E-03
+3.6500E+00,+412.9E-03,+982.4E-03
+3.6600E+00,+365.2E-03,+1.1307E+00
+3.6700E+00,+372.7E-03,+1.1357E+00
+3.6800E+00,+498.4E-03,+1.0628E+00
+3.6900E+00,+478.3E-03,+1.1910E+00
+3.7000E+00,+458.2E-03,+1.1683E+00
+3.7100E+00,+533.5E-03,+1.1508E+00
+3.7200E+00,+606.4E-03,+1.3040E+00
+3.7300E+00,+606.4E-03,+1.3040E+00
+3.7400E+00,+674.3E-03,+1.3844E+00
+3.7500E+00,+679.3E-03,+1.3116E+00
+3.7600E+00,+739.6E-03,+1.3844E+00
+3.7700E+00,+686.8E-03,+1.4171E+00
+3.7800E+00,+779.8E-03,+1.3970E+00
+3.7900E+00,+767.2E-03,+1.4724E+00
+3.8000E+00,+847.6E-03,+1.5176E+00
+3.8100E+00,+847.6E-03,+1.5452E+00
+3.8200E+00,+915.5E-03,+1.5452E+00
+3.8300E+00,+855.2E-03,+1.5528E+00
+3.8400E+00,+980.8E-03,+1.5729E+00
+3.8500E+00,+1.0235E+00,+1.6407E+00
+3.8600E+00,+1.0335E+00,+1.6382E+00
+3.8700E+00,+1.0160E+00,+1.7060E+00
+3.8800E+00,+1.0637E+00,+1.7588E+00
+3.8900E+00,+1.0888E+00,+1.7864E+00
+3.9000E+00,+1.1014E+00,+1.8668E+00
+3.9100E+00,+1.1542E+00,+1.7940E+00
+3.9200E+00,+1.2496E+00,+1.8668E+00
+3.9300E+00,+1.2019E+00,+1.8995E+00
+3.9400E+00,+1.3300E+00,+1.9472E+00
+3.9500E+00,+1.2572E+00,+1.9548E+00
+3.9600E+00,+1.3024E+00,+1.9196E+00
+3.9700E+00,+1.3300E+00,+2.0754E+00
+3.9800E+00,+1.4230E+00,+2.0955E+00
+3.9900E+00,+1.4180E+00,+1.9548E+00
+4.0000E+00,+1.4381E+00,+2.1080E+00
+4.0100E+00,+1.5386E+00,+2.1407E+00
+4.0200E+00,+1.4908E+00,+2.2437E+00
+4.0300E+00,+1.5059E+00,+2.1080E+00
+4.0400E+00,+1.6516E+00,+2.1080E+00
+4.0500E+00,+1.6994E+00,+2.1884E+00
+4.0600E+00,+1.7320E+00,+2.2010E+00
+4.0700E+00,+1.7245E+00,+2.2688E+00
+4.0800E+00,+1.7320E+00,+2.2965E+00
+4.0900E+00,+1.7320E+00,+2.2688E+00
+4.1000E+00,+1.8677E+00,+2.3492E+00
+4.1100E+00,+1.8200E+00,+2.3568E+00
+4.1200E+00,+1.8401E+00,+2.4296E+00
+4.1300E+00,+1.8778E+00,+2.5578E+00
+4.1400E+00,+1.8250E+00,+2.4422E+00
+4.1500E+00,+1.9732E+00,+2.5905E+00
+4.1600E+00,+2.0536E+00,+2.5628E+00
+4.1700E+00,+1.9732E+00,+2.5578E+00
+4.1800E+00,+2.0411E+00,+2.5779E+00
+4.1900E+00,+2.0461E+00,+2.5101E+00
+4.2000E+00,+2.1064E+00,+2.6156E+00
+4.2100E+00,+2.1341E+00,+2.7362E+00
+4.2200E+00,+2.1466E+00,+2.6709E+00
+4.2300E+00,+2.1416E+00,+2.6784E+00
+4.2400E+00,+2.2421E+00,+2.7236E+00
+4.2500E+00,+2.2471E+00,+2.7035E+00
+4.2600E+00,+2.3627E+00,+2.8317E+00
+4.2700E+00,+2.2949E+00,+2.8317E+00
+4.2800E+00,+2.3753E+00,+2.8040E+00
+4.2900E+00,+2.3753E+00,+2.8794E+00
+4.3000E+00,+2.4431E+00,+2.9121E+00
+4.3100E+00,+2.3828E+00,+2.9849E+00
+4.3200E+00,+2.4280E+00,+2.8844E+00
+4.3300E+00,+2.4883E+00,+3.0251E+00
+4.3400E+00,+2.5361E+00,+2.9925E+00
+4.3500E+00,+2.6165E+00,+3.0653E+00
+4.3600E+00,+2.6165E+00,+3.0980E+00
+4.3700E+00,+2.6491E+00,+3.1206E+00
+4.3800E+00,+2.6039E+00,+3.1533E+00
+4.3900E+00,+2.6893E+00,+3.1533E+00
+4.4000E+00,+2.6969E+00,+3.1533E+00
+4.4100E+00,+2.7446E+00,+3.1859E+00
+4.4200E+00,+2.7773E+00,+3.1658E+00
+4.4300E+00,+2.7773E+00,+3.1608E+00
+4.4400E+00,+2.8577E+00,+3.2362E+00
+4.4500E+00,+2.8577E+00,+3.2487E+00
+4.4600E+00,+2.8577E+00,+3.3015E+00
+4.4700E+00,+2.9305E+00,+3.3141E+00
+4.4800E+00,+2.9908E+00,+3.3417E+00
+4.4900E+00,+2.8903E+00,+3.3945E+00
+4.5000E+00,+3.0059E+00,+3.5302E+00
+4.5100E+00,+3.0185E+00,+3.4749E+00
+4.5200E+00,+3.0185E+00,+3.4472E+00
+4.5300E+00,+3.0989E+00,+3.4749E+00
+4.5400E+00,+3.0863E+00,+3.4749E+00
+4.5500E+00,+3.0989E+00,+3.4824E+00
+4.5600E+00,+3.1516E+00,+3.5553E+00
+4.5700E+00,+3.0989E+00,+3.5226E+00
+4.5800E+00,+3.2346E+00,+3.5427E+00
+4.5900E+00,+3.1717E+00,+3.5628E+00
+4.6000E+00,+3.2597E+00,+3.6608E+00
+4.6100E+00,+3.3074E+00,+3.5879E+00
+4.6200E+00,+3.3275E+00,+3.6357E+00
+4.6300E+00,+3.4933E+00,+3.7085E+00
+4.6400E+00,+3.3677E+00,+3.7161E+00
+4.6500E+00,+3.3401E+00,+3.7487E+00
+4.6600E+00,+3.4205E+00,+3.7161E+00
+4.6700E+00,+3.4129E+00,+3.7965E+00
+4.6800E+00,+3.5009E+00,+3.6910E+00
+4.6900E+00,+3.5009E+00,+3.7965E+00
+4.7000E+00,+3.5134E+00,+3.8090E+00
+4.7100E+00,+3.5813E+00,+3.8618E+00
+4.7200E+00,+3.5813E+00,+3.8769E+00
+4.7300E+00,+3.6617E+00,+3.8920E+00
+4.7400E+00,+3.6617E+00,+3.8769E+00
+4.7500E+00,+3.6542E+00,+3.8769E+00
+4.7600E+00,+3.6617E+00,+3.9573E+00
+4.7700E+00,+3.6944E+00,+3.9246E+00
+4.7800E+00,+3.6743E+00,+3.9447E+00
+4.7900E+00,+3.7421E+00,+3.9648E+00
+4.8000E+00,+3.7697E+00,+4.0377E+00
+4.8100E+00,+3.8074E+00,+4.0377E+00
+4.8200E+00,+3.8225E+00,+4.0377E+00
+4.8300E+00,+3.8225E+00,+4.0377E+00
+4.8400E+00,+3.8476E+00,+4.0905E+00
+4.8500E+00,+3.8702E+00,+4.0377E+00
+4.8600E+00,+3.8903E+00,+4.1734E+00
+4.8700E+00,+3.8300E+00,+4.0452E+00
+4.8800E+00,+3.9557E+00,+4.1181E+00
+4.8900E+00,+3.9356E+00,+4.2789E+00
+4.9000E+00,+3.9155E+00,+4.1181E+00
+4.9100E+00,+3.9833E+00,+4.1910E+00
+4.9200E+00,+4.0386E+00,+4.1181E+00
+4.9300E+00,+4.0310E+00,+4.1985E+00
+4.9400E+00,+4.0637E+00,+4.1859E+00
+4.9500E+00,+4.0712E+00,+4.1181E+00
+4.9600E+00,+4.0361E+00,+4.2261E+00
+4.9700E+00,+4.1768E+00,+4.2789E+00
+4.9800E+00,+4.0637E+00,+4.2789E+00
+4.9900E+00,+4.2170E+00,+4.2864E+00
+5.0000E+00,+4.1969E+00,+4.2789E+00
+5.0100E+00,+4.1441E+00,+4.3116E+00
+5.0200E+00,+4.2923E+00,+4.3467E+00
+5.0300E+00,+4.2974E+00,+4.2789E+00
+5.0400E+00,+4.3049E+00,+4.2789E+00
+5.0500E+00,+4.3049E+00,+4.3116E+00
+5.0600E+00,+4.3853E+00,+4.3719E+00
+5.0700E+00,+4.3124E+00,+4.3518E+00
+5.0800E+00,+4.3853E+00,+4.3593E+00
+5.0900E+00,+4.3853E+00,+4.4397E+00
+5.1000E+00,+4.4531E+00,+4.3719E+00
+5.1100E+00,+4.3928E+00,+4.5050E+00
+5.1200E+00,+4.4381E+00,+4.4397E+00
+5.1300E+00,+4.4330E+00,+4.4874E+00
+5.1400E+00,+4.4657E+00,+4.3719E+00
+5.1500E+00,+4.3928E+00,+4.5126E+00
+5.1600E+00,+4.3853E+00,+4.4397E+00
+5.1700E+00,+4.5461E+00,+4.5201E+00
+5.1800E+00,+4.5335E+00,+4.5201E+00
+5.1900E+00,+4.4657E+00,+4.4397E+00
+5.2000E+00,+4.5461E+00,+4.4925E+00
+5.2100E+00,+4.5612E+00,+4.5352E+00
+5.2200E+00,+4.5587E+00,+4.4648E+00
+5.2300E+00,+4.5536E+00,+4.5930E+00
+5.2400E+00,+4.6793E+00,+4.5729E+00
+5.2500E+00,+4.5938E+00,+4.5528E+00
+5.2600E+00,+4.6265E+00,+4.6683E+00
+5.2700E+00,+4.7722E+00,+4.5201E+00
+5.2800E+00,+4.7320E+00,+4.6281E+00
+5.2900E+00,+4.6265E+00,+4.5050E+00
+5.3000E+00,+4.7069E+00,+4.6005E+00
+5.3100E+00,+4.6341E+00,+4.6005E+00
+5.3200E+00,+4.7320E+00,+4.6005E+00
+5.3300E+00,+4.6743E+00,+4.6005E+00
+5.3400E+00,+4.7748E+00,+4.6809E+00
+5.3500E+00,+4.7873E+00,+4.5930E+00
+5.3600E+00,+4.8124E+00,+4.6533E+00
+5.3700E+00,+4.8677E+00,+4.6332E+00
+5.3800E+00,+4.7873E+00,+4.6683E+00
+5.3900E+00,+4.7873E+00,+4.6809E+00
+5.4000E+00,+4.8124E+00,+4.7085E+00
+5.4100E+00,+4.8351E+00,+4.6809E+00
+5.4200E+00,+4.7999E+00,+4.6131E+00
+5.4300E+00,+4.7949E+00,+4.6734E+00
+5.4400E+00,+4.8150E+00,+4.6005E+00
+5.4500E+00,+4.8200E+00,+4.7286E+00
+5.4600E+00,+4.7999E+00,+4.6809E+00
+5.4700E+00,+4.8753E+00,+4.6884E+00
+5.4800E+00,+4.9205E+00,+4.7337E+00
+5.4900E+00,+4.9481E+00,+4.6809E+00
+5.5000E+00,+4.9356E+00,+4.6809E+00
+5.5100E+00,+5.0134E+00,+4.7613E+00
+5.5200E+00,+4.9758E+00,+4.7085E+00
+5.5300E+00,+4.9481E+00,+4.7462E+00
+5.5400E+00,+4.9481E+00,+4.6935E+00
+5.5500E+00,+4.9406E+00,+4.6005E+00
+5.5600E+00,+4.9205E+00,+4.7085E+00
+5.5700E+00,+4.9330E+00,+4.6809E+00
+5.5800E+00,+4.8803E+00,+4.7487E+00
+5.5900E+00,+4.9481E+00,+4.7613E+00
+5.6000E+00,+4.9481E+00,+4.7337E+00
+5.6100E+00,+4.9481E+00,+4.7136E+00
+5.6200E+00,+4.9481E+00,+4.6809E+00
+5.6300E+00,+4.9557E+00,+4.6809E+00
+5.6400E+00,+5.0285E+00,+4.7613E+00
+5.6500E+00,+4.9808E+00,+4.7136E+00
+5.6600E+00,+4.9481E+00,+4.6683E+00
+5.6700E+00,+4.9481E+00,+4.6809E+00
+5.6800E+00,+4.8928E+00,+4.7613E+00
+5.6900E+00,+4.9808E+00,+4.7136E+00
+5.7000E+00,+4.9607E+00,+4.7613E+00
+5.7100E+00,+5.0210E+00,+4.6884E+00
+5.7200E+00,+5.0285E+00,+4.6809E+00
+5.7300E+00,+4.9481E+00,+4.6482E+00
+5.7400E+00,+4.9607E+00,+4.6809E+00
+5.7500E+00,+4.9481E+00,+4.6809E+00
+5.7600E+00,+4.9758E+00,+4.7613E+00
+5.7700E+00,+5.0436E+00,+4.6482E+00
+5.7800E+00,+5.0034E+00,+4.6683E+00
+5.7900E+00,+4.8024E+00,+4.6809E+00
+5.8000E+00,+5.0310E+00,+4.6281E+00
+5.8100E+00,+5.0763E+00,+4.6658E+00
+5.8200E+00,+5.0160E+00,+4.6005E+00
+5.8300E+00,+4.9557E+00,+4.6809E+00
+5.8400E+00,+5.0009E+00,+4.6281E+00
+5.8500E+00,+4.9330E+00,+4.6332E+00
+5.8600E+00,+4.9481E+00,+4.5879E+00
+5.8700E+00,+5.0285E+00,+4.5930E+00
+5.8800E+00,+4.9481E+00,+4.6005E+00
+5.8900E+00,+5.0285E+00,+4.6005E+00
+5.9000E+00,+4.9356E+00,+4.5327E+00
+5.9100E+00,+4.9557E+00,+4.5930E+00
+5.9200E+00,+5.0285E+00,+4.5201E+00
+5.9300E+00,+4.9481E+00,+4.5050E+00
+5.9400E+00,+5.0712E+00,+4.5327E+00
+5.9500E+00,+4.8828E+00,+4.4548E+00
+5.9600E+00,+4.9758E+00,+4.6005E+00
+5.9700E+00,+4.9155E+00,+4.5352E+00
+5.9800E+00,+4.9481E+00,+4.5327E+00
+5.9900E+00,+4.9557E+00,+4.5201E+00
+6.0000E+00,+4.9758E+00,+4.5201E+00
+6.0100E+00,+4.9330E+00,+4.4724E+00
+6.0200E+00,+4.8677E+00,+4.5075E+00
+6.0300E+00,+4.9481E+00,+4.4397E+00
+6.0400E+00,+4.9481E+00,+4.4673E+00
+6.0500E+00,+4.9481E+00,+4.4397E+00
+6.0600E+00,+4.9481E+00,+4.4397E+00
+6.0700E+00,+4.9481E+00,+4.4472E+00
+6.0800E+00,+4.9481E+00,+4.4121E+00
+6.0900E+00,+4.9808E+00,+4.4874E+00
+6.1000E+00,+4.9481E+00,+4.3593E+00
+6.1100E+00,+4.9557E+00,+4.3593E+00
+6.1200E+00,+4.8677E+00,+4.4397E+00
+6.1300E+00,+4.9481E+00,+4.3593E+00
+6.1400E+00,+4.8677E+00,+4.4146E+00
+6.1500E+00,+4.9557E+00,+4.4246E+00
+6.1600E+00,+4.9481E+00,+4.3065E+00
+6.1700E+00,+4.8828E+00,+4.3593E+00
+6.1800E+00,+4.9607E+00,+4.2789E+00
+6.1900E+00,+4.9406E+00,+4.2136E+00
+6.2000E+00,+4.9758E+00,+4.2513E+00
+6.2100E+00,+4.9481E+00,+4.2789E+00
+6.2200E+00,+4.9481E+00,+4.2915E+00
+6.2300E+00,+4.9406E+00,+4.1985E+00
+6.2400E+00,+4.9481E+00,+4.1985E+00
+6.2500E+00,+4.9004E+00,+4.2789E+00
+6.2600E+00,+4.9356E+00,+4.2663E+00
+6.2700E+00,+4.9406E+00,+4.2060E+00
+6.2800E+00,+4.8677E+00,+4.2261E+00
+6.2900E+00,+4.8200E+00,+4.1658E+00
+6.3000E+00,+4.8803E+00,+4.1985E+00
+6.3100E+00,+4.8753E+00,+4.1910E+00
+6.3200E+00,+4.9230E+00,+4.1181E+00
+6.3300E+00,+4.8677E+00,+4.1508E+00
+6.3400E+00,+4.7873E+00,+4.1181E+00
+6.3500E+00,+4.8677E+00,+4.1106E+00
+6.3600E+00,+4.8954E+00,+4.0101E+00
+6.3700E+00,+4.8677E+00,+4.0854E+00
+6.3800E+00,+4.8677E+00,+4.0377E+00
+6.3900E+00,+4.7220E+00,+3.9573E+00
+6.4000E+00,+4.8150E+00,+3.9045E+00
+6.4100E+00,+4.7722E+00,+4.0050E+00
+6.4200E+00,+4.8552E+00,+3.9573E+00
+6.4300E+00,+4.7873E+00,+3.9573E+00
+6.4400E+00,+4.7346E+00,+3.9296E+00
+6.4500E+00,+4.7873E+00,+3.9246E+00
+6.4600E+00,+4.7748E+00,+3.8643E+00
+6.4700E+00,+4.6994E+00,+3.8040E+00
+6.4800E+00,+4.7346E+00,+3.9020E+00
+6.4900E+00,+4.7547E+00,+3.8442E+00
+6.5000E+00,+4.6265E+00,+3.8090E+00
+6.5100E+00,+4.7145E+00,+3.8693E+00
+6.5200E+00,+4.6516E+00,+3.7688E+00
+6.5300E+00,+4.6743E+00,+3.7638E+00
+6.5400E+00,+4.6265E+00,+3.7965E+00
+6.5500E+00,+4.6265E+00,+3.7236E+00
+6.5600E+00,+4.6265E+00,+3.7161E+00
+6.5700E+00,+4.5788E+00,+3.7010E+00
+6.5800E+00,+4.4783E+00,+3.7286E+00
+6.5900E+00,+4.6265E+00,+3.7085E+00
+6.6000E+00,+4.5737E+00,+3.5553E+00
+6.6100E+00,+4.5461E+00,+3.6357E+00
+6.6200E+00,+4.4783E+00,+3.5553E+00
+6.6300E+00,+4.6114E+00,+3.4824E+00
+6.6400E+00,+4.3853E+00,+3.5276E+00
+6.6500E+00,+4.4330E+00,+3.5075E+00
+6.6600E+00,+4.4531E+00,+3.5302E+00
+6.6700E+00,+4.4506E+00,+3.4749E+00
+6.6800E+00,+4.3853E+00,+3.3945E+00
+6.6900E+00,+4.4330E+00,+3.4422E+00
+6.7000E+00,+4.3175E+00,+3.4623E+00
+6.7100E+00,+4.3853E+00,+3.3291E+00
+6.7200E+00,+4.3853E+00,+3.3417E+00
+6.7300E+00,+4.3376E+00,+3.3945E+00
+6.7400E+00,+4.2923E+00,+3.3141E+00
+6.7500E+00,+4.2974E+00,+3.3794E+00
+6.7600E+00,+4.2521E+00,+3.2864E+00
+6.7700E+00,+4.2245E+00,+3.3141E+00
+6.7800E+00,+4.2371E+00,+3.2462E+00
+6.7900E+00,+4.2245E+00,+3.3065E+00
+6.8000E+00,+4.1190E+00,+3.1533E+00
+6.8100E+00,+4.1918E+00,+3.1859E+00
+6.8200E+00,+4.1441E+00,+3.2085E+00
+6.8300E+00,+4.0637E+00,+3.1382E+00
+6.8400E+00,+4.1165E+00,+3.1533E+00
+6.8500E+00,+4.0637E+00,+3.1055E+00
+6.8600E+00,+4.0763E+00,+3.0729E+00
+6.8700E+00,+4.0562E+00,+2.9121E+00
+6.8800E+00,+4.0361E+00,+2.9673E+00
+6.8900E+00,+3.9506E+00,+2.8970E+00
+6.9000E+00,+3.9155E+00,+3.0603E+00
+6.9100E+00,+3.9029E+00,+2.9121E+00
+6.9200E+00,+3.9305E+00,+2.9397E+00
+6.9300E+00,+3.8225E+00,+2.9121E+00
+6.9400E+00,+3.8903E+00,+2.8317E+00
+6.9500E+00,+3.8150E+00,+2.8392E+00
+6.9600E+00,+3.8753E+00,+2.8317E+00
+6.9700E+00,+3.7748E+00,+2.7186E+00
+6.9800E+00,+3.7547E+00,+2.7513E+00
+6.9900E+00,+3.7421E+00,+2.7513E+00
+7.0000E+00,+3.6617E+00,+2.6985E+00
+7.0100E+00,+3.6617E+00,+2.7362E+00
+7.0200E+00,+3.5938E+00,+2.6709E+00
+7.0300E+00,+3.5888E+00,+2.5905E+00
+7.0400E+00,+3.6089E+00,+2.6181E+00
+7.0500E+00,+3.6290E+00,+2.6055E+00
+7.0600E+00,+3.5813E+00,+2.4422E+00
+7.0700E+00,+3.5662E+00,+2.5101E+00
+7.0800E+00,+3.4732E+00,+2.4548E+00
+7.0900E+00,+3.4858E+00,+2.4774E+00
+7.1000E+00,+3.4205E+00,+2.4975E+00
+7.1100E+00,+3.5009E+00,+2.4221E+00
+7.1200E+00,+3.3928E+00,+2.3492E+00
+7.1300E+00,+3.3401E+00,+2.3970E+00
+7.1400E+00,+3.3401E+00,+2.3367E+00
+7.1500E+00,+3.2672E+00,+2.2688E+00
+7.1600E+00,+3.3124E+00,+2.2161E+00
+7.1700E+00,+3.2597E+00,+2.2211E+00
+7.1800E+00,+3.2597E+00,+2.1206E+00
+7.1900E+00,+3.0989E+00,+2.1884E+00
+7.2000E+00,+3.2044E+00,+2.1884E+00
+7.2100E+00,+3.0989E+00,+2.1080E+00
+7.2200E+00,+3.0989E+00,+2.0276E+00
+7.2300E+00,+3.0185E+00,+2.1005E+00
+7.2400E+00,+3.0461E+00,+2.0528E+00
+7.2500E+00,+3.0185E+00,+2.0754E+00
+7.2600E+00,+2.9381E+00,+2.0276E+00
+7.2700E+00,+2.9381E+00,+1.9472E+00
+7.2800E+00,+2.9104E+00,+1.9472E+00
+7.2900E+00,+2.9858E+00,+1.9146E+00
+7.3000E+00,+2.8702E+00,+1.9221E+00
+7.3100E+00,+2.9305E+00,+1.7940E+00
+7.3200E+00,+2.8577E+00,+1.7588E+00
+7.3300E+00,+2.7446E+00,+1.7864E+00
+7.3400E+00,+2.8451E+00,+1.7739E+00
+7.3500E+00,+2.6969E+00,+1.7060E+00
+7.3600E+00,+2.7496E+00,+1.7588E+00
+7.3700E+00,+2.6165E+00,+1.7060E+00
+7.3800E+00,+2.6969E+00,+1.6256E+00
+7.3900E+00,+2.6893E+00,+1.6332E+00
+7.4000E+00,+2.6165E+00,+1.6005E+00
+7.4100E+00,+2.5361E+00,+1.4648E+00
+7.4200E+00,+2.5235E+00,+1.4648E+00
+7.4300E+00,+2.4632E+00,+1.5377E+00
+7.4400E+00,+2.4557E+00,+1.5176E+00
+7.4500E+00,+2.4557E+00,+1.4020E+00
+7.4600E+00,+2.3074E+00,+1.3291E+00
+7.4700E+00,+2.3753E+00,+1.3844E+00
+7.4800E+00,+2.3476E+00,+1.2764E+00
+7.4900E+00,+2.2949E+00,+1.2714E+00
+7.5000E+00,+2.2823E+00,+1.3040E+00
+7.5100E+00,+2.2949E+00,+1.2965E+00
+7.5200E+00,+2.2421E+00,+1.2487E+00
+7.5300E+00,+2.1667E+00,+1.1910E+00
+7.5400E+00,+2.2019E+00,+1.1558E+00
+7.5500E+00,+2.1994E+00,+1.1432E+00
+7.5600E+00,+2.1064E+00,+1.0628E+00
+7.5700E+00,+2.0536E+00,+1.0302E+00
+7.5800E+00,+1.9732E+00,+995.0E-03
+7.5900E+00,+2.0536E+00,+902.0E-03
+7.6000E+00,+2.0536E+00,+927.1E-03
+7.6100E+00,+1.9732E+00,+949.7E-03
+7.6200E+00,+1.8928E+00,+969.8E-03
+7.6300E+00,+1.8853E+00,+902.0E-03
+7.6400E+00,+1.8124E+00,+849.2E-03
+7.6500E+00,+1.7320E+00,+773.9E-03
+7.6600E+00,+1.7446E+00,+741.2E-03
+7.6700E+00,+1.8049E+00,+814.1E-03
+7.6800E+00,+1.7044E+00,+766.3E-03
+7.6900E+00,+1.7647E+00,+693.5E-03
+7.7000E+00,+1.5712E+00,+660.8E-03
+7.7100E+00,+1.6516E+00,+587.9E-03
+7.7200E+00,+1.6516E+00,+660.8E-03
+7.7300E+00,+1.5562E+00,+660.8E-03
+7.7400E+00,+1.5034E+00,+500.0E-03
+7.7500E+00,+1.4908E+00,+500.0E-03
+7.7600E+00,+1.4632E+00,+500.0E-03
+7.7700E+00,+1.4104E+00,+386.9E-03
+7.7800E+00,+1.4104E+00,+394.5E-03
+7.7900E+00,+1.4833E+00,+346.7E-03
+7.8000E+00,+1.3300E+00,+444.7E-03
+7.8100E+00,+1.3150E+00,+339.2E-03
+7.8200E+00,+1.2622E+00,+339.2E-03
+7.8300E+00,+1.3225E+00,+251.3E-03
+7.8400E+00,+1.1969E+00,+231.2E-03
+7.8500E+00,+1.2170E+00,+178.4E-03
+7.8600E+00,+1.1014E+00,+233.7E-03
+7.8700E+00,+1.0160E+00,+105.5E-03
+7.8800E+00,+1.1165E+00,+125.6E-03
+7.8900E+00,+1.0411E+00,+98.0E-03
+7.9000E+00,+1.0084E+00,+17.6E-03
+7.9100E+00,+1.0888E+00,-62.8E-03
+7.9200E+00,+1.0612E+00,-62.8E-03
+7.9300E+00,+1.0084E+00,+32.7E-03
+7.9400E+00,+928.0E-03,-143.2E-03
+7.9500E+00,+920.5E-03,-70.4E-03
+7.9600E+00,+822.5E-03,-35.2E-03
+7.9700E+00,+847.6E-03,-110.6E-03
+7.9800E+00,+711.9E-03,-278.9E-03
+7.9900E+00,+767.2E-03,-216.1E-03
+8.0000E+00,+714.5E-03,-304.0E-03
+8.0100E+00,+686.8E-03,-304.0E-03
+8.0200E+00,+686.8E-03,-316.6E-03
+8.0300E+00,+606.4E-03,-304.0E-03
+8.0400E+00,+659.2E-03,-384.4E-03
+8.0500E+00,+526.0E-03,-384.4E-03
+8.0600E+00,+445.6E-03,-464.8E-03
+8.0700E+00,+526.0E-03,-464.8E-03
+8.0800E+00,+473.2E-03,-464.8E-03
+8.0900E+00,+397.9E-03,-464.8E-03
+8.1000E+00,+377.8E-03,-557.8E-03
+8.1100E+00,+372.7E-03,-618.1E-03
+8.1200E+00,+337.6E-03,-598.0E-03
+8.1300E+00,+365.2E-03,-625.6E-03
+8.1400E+00,+284.8E-03,-638.2E-03
+8.1500E+00,+284.8E-03,-778.9E-03
+8.1600E+00,+232.0E-03,-733.7E-03
+8.1700E+00,+156.7E-03,-786.4E-03
+8.1800E+00,+136.6E-03,-866.8E-03
+8.1900E+00,+189.3E-03,-794.0E-03
+8.2000E+00,+151.6E-03,-894.5E-03
+8.2100E+00,+43.6E-03,-851.8E-03
+8.2200E+00,+56.2E-03,-947.2E-03
+8.2300E+00,-36.8E-03,-947.2E-03
+8.2400E+00,-9.2E-03,-1.0276E+00
+8.2500E+00,-84.5E-03,-1.0276E+00
+8.2600E+00,-104.6E-03,-1.0402E+00
+8.2700E+00,-109.7E-03,-1.1809E+00
+8.2800E+00,-117.2E-03,-1.0553E+00
+8.2900E+00,-245.3E-03,-1.1734E+00
+8.3000E+00,-210.2E-03,-1.1206E+00
+8.3100E+00,-278.0E-03,-1.1960E+00
+8.3200E+00,-278.0E-03,-1.2688E+00
+8.3300E+00,-310.7E-03,-1.2839E+00
+8.3400E+00,-358.4E-03,-1.2940E+00
+8.3500E+00,-285.5E-03,-1.3492E+00
+8.3600E+00,-411.2E-03,-1.4020E+00
+8.3700E+00,-438.8E-03,-1.3970E+00
+8.3800E+00,-438.8E-03,-1.3618E+00
+8.3900E+00,-519.2E-03,-1.4221E+00
+8.4000E+00,-519.2E-03,-1.5101E+00
+8.4100E+00,-551.9E-03,-1.5729E+00
+8.4200E+00,-599.6E-03,-1.5779E+00
+8.4300E+00,-680.0E-03,-1.5176E+00
+8.4400E+00,-680.0E-03,-1.6432E+00
+8.4500E+00,-712.7E-03,-1.6709E+00
+8.4600E+00,-760.4E-03,-1.6834E+00
+8.4700E+00,-752.9E-03,-1.7362E+00
+8.4800E+00,-840.8E-03,-1.6985E+00
+8.4900E+00,-840.8E-03,-1.7513E+00
+8.5000E+00,-828.3E-03,-1.7513E+00
+8.5100E+00,-840.8E-03,-1.8317E+00
+8.5200E+00,-896.1E-03,-1.8593E+00
+8.5300E+00,-953.9E-03,-1.8317E+00
+8.5400E+00,-976.5E-03,-1.8995E+00
+8.5500E+00,-936.3E-03,-1.9925E+00
+8.5600E+00,-1.0293E+00,-2.0201E+00
+8.5700E+00,-1.0971E+00,-1.9447E+00
+8.5800E+00,-1.1499E+00,-2.0729E+00
+8.5900E+00,-1.1624E+00,-2.0000E+00
+8.6000E+00,-1.2152E+00,-2.0980E+00
+8.6100E+00,-1.2102E+00,-2.1683E+00
+8.6200E+00,-1.1072E+00,-2.2211E+00
+8.6300E+00,-1.2428E+00,-2.2261E+00
+8.6400E+00,-1.2428E+00,-2.1281E+00
+8.6500E+00,-1.2906E+00,-2.2337E+00
+8.6600E+00,-1.3358E+00,-2.2337E+00
+8.6700E+00,-1.3157E+00,-2.3141E+00
+8.6800E+00,-1.4840E+00,-2.2337E+00
+8.6900E+00,-1.4187E+00,-2.3618E+00
+8.7000E+00,-1.5519E+00,-2.3945E+00
+8.7100E+00,-1.5569E+00,-2.4020E+00
+8.7200E+00,-1.5117E+00,-2.4221E+00
+8.7300E+00,-1.5644E+00,-2.5704E+00
+8.7400E+00,-1.6323E+00,-2.4196E+00
+8.7500E+00,-1.5720E+00,-2.6281E+00
+8.7600E+00,-1.6976E+00,-2.5804E+00
+8.7700E+00,-1.7730E+00,-2.5553E+00
+8.7800E+00,-1.7127E+00,-2.5678E+00
+8.7900E+00,-1.8710E+00,-2.5628E+00
+8.8000E+00,-1.8584E+00,-2.6357E+00
+8.8100E+00,-1.8056E+00,-2.7161E+00
+8.8200E+00,-1.7931E+00,-2.7035E+00
+8.8300E+00,-1.8936E+00,-2.6432E+00
+8.8400E+00,-1.9388E+00,-2.7965E+00
+8.8500E+00,-1.9991E+00,-2.8442E+00
+8.8600E+00,-1.9665E+00,-2.8769E+00
+8.8700E+00,-1.9665E+00,-2.8693E+00
+8.8800E+00,-2.0745E+00,-2.8769E+00
+8.8900E+00,-2.0469E+00,-2.9246E+00
+8.9000E+00,-2.0594E+00,-3.0126E+00
+8.9100E+00,-2.1273E+00,-2.9573E+00
+8.9200E+00,-2.2077E+00,-2.9573E+00
+8.9300E+00,-2.2077E+00,-2.9095E+00
+8.9400E+00,-2.2202E+00,-3.0377E+00
+8.9500E+00,-2.2881E+00,-3.0377E+00
+8.9600E+00,-2.2881E+00,-3.0653E+00
+8.9700E+00,-2.3358E+00,-3.0854E+00
+8.9800E+00,-2.3685E+00,-3.1181E+00
+8.9900E+00,-2.4489E+00,-3.1910E+00
+9.0000E+00,-2.3961E+00,-3.2261E+00
+9.0100E+00,-2.3685E+00,-3.1658E+00
+9.0200E+00,-2.4489E+00,-3.2236E+00
+9.0300E+00,-2.5293E+00,-3.2060E+00
+9.0400E+00,-2.5544E+00,-3.2789E+00
+9.0500E+00,-2.5293E+00,-3.2789E+00
+9.0600E+00,-2.6222E+00,-3.3719E+00
+9.0700E+00,-2.5368E+00,-3.3593E+00
+9.0800E+00,-2.6097E+00,-3.4397E+00
+9.0900E+00,-2.6901E+00,-3.3593E+00
+9.1000E+00,-2.6775E+00,-3.4271E+00
+9.1100E+00,-2.7629E+00,-3.3593E+00
+9.1200E+00,-2.7956E+00,-3.4673E+00
+9.1300E+00,-2.7705E+00,-3.5528E+00
+9.1400E+00,-2.7830E+00,-3.5201E+00
+9.1500E+00,-2.8509E+00,-3.4548E+00
+9.1600E+00,-2.8509E+00,-3.5477E+00
+9.1700E+00,-2.8835E+00,-3.5678E+00
+9.1800E+00,-2.9187E+00,-3.5327E+00
+9.1900E+00,-2.8584E+00,-3.6884E+00
+9.2000E+00,-2.9589E+00,-3.6005E+00
+9.2100E+00,-2.9639E+00,-3.6809E+00
+9.2200E+00,-2.9438E+00,-3.6683E+00
+9.2300E+00,-3.0192E+00,-3.6734E+00
+9.2400E+00,-3.0393E+00,-3.6809E+00
+9.2500E+00,-3.0921E+00,-3.7286E+00
+9.2600E+00,-3.0921E+00,-3.7060E+00
+9.2700E+00,-3.2453E+00,-3.8417E+00
+9.2800E+00,-3.1725E+00,-3.8141E+00
+9.2900E+00,-3.2051E+00,-3.8417E+00
+9.3000E+00,-3.2529E+00,-3.8543E+00
+9.3100E+00,-3.2604E+00,-3.7688E+00
+9.3200E+00,-3.2529E+00,-3.9221E+00
+9.3300E+00,-3.3333E+00,-3.9221E+00
+9.3400E+00,-3.4011E+00,-4.0025E+00
+9.3500E+00,-3.3408E+00,-3.9950E+00
+9.3600E+00,-3.4137E+00,-4.0025E+00
+9.3700E+00,-3.3509E+00,-3.9698E+00
+9.3800E+00,-3.4263E+00,-4.0829E+00
+9.3900E+00,-3.4866E+00,-4.0101E+00
+9.4000E+00,-3.5469E+00,-4.1106E+00
+9.4100E+00,-3.4464E+00,-4.0503E+00
+9.4200E+00,-3.5192E+00,-4.0955E+00
+9.4300E+00,-3.5016E+00,-4.1633E+00
+9.4400E+00,-3.6021E+00,-4.1633E+00
+9.4500E+00,-3.5896E+00,-4.1784E+00
+9.4600E+00,-3.5745E+00,-4.1508E+00
+9.4700E+00,-3.6549E+00,-4.1633E+00
+9.4800E+00,-3.6825E+00,-4.2161E+00
+9.4900E+00,-3.7830E+00,-4.2613E+00
+9.5000E+00,-3.7479E+00,-4.2563E+00
+9.5100E+00,-3.7353E+00,-4.2513E+00
+9.5200E+00,-3.7353E+00,-4.2714E+00
+9.5300E+00,-3.7026E+00,-4.2915E+00
+9.5400E+00,-3.8157E+00,-4.3241E+00
+9.5500E+00,-3.8961E+00,-4.3166E+00
+9.5600E+00,-3.8685E+00,-4.2990E+00
+9.5700E+00,-3.8961E+00,-4.3241E+00
+9.5800E+00,-3.8961E+00,-4.3920E+00
+9.5900E+00,-3.8886E+00,-4.3970E+00
+9.6000E+00,-3.9514E+00,-4.3241E+00
+9.6100E+00,-3.9438E+00,-4.4045E+00
+9.6200E+00,-3.9087E+00,-4.4724E+00
+9.6300E+00,-4.0494E+00,-4.4045E+00
+9.6400E+00,-4.0041E+00,-4.4045E+00
+9.6500E+00,-4.0569E+00,-4.5176E+00
+9.6600E+00,-4.1122E+00,-4.4849E+00
+9.6700E+00,-4.1373E+00,-4.4121E+00
+9.6800E+00,-4.0569E+00,-4.5628E+00
+9.6900E+00,-4.1850E+00,-4.5176E+00
+9.7000E+00,-4.0820E+00,-4.4849E+00
+9.7100E+00,-4.1373E+00,-4.5653E+00
+9.7200E+00,-4.2177E+00,-4.5653E+00
+9.7300E+00,-4.2177E+00,-4.5653E+00
+9.7400E+00,-4.1499E+00,-4.4975E+00
+9.7500E+00,-4.2981E+00,-4.5653E+00
+9.7600E+00,-4.1649E+00,-4.6206E+00
+9.7700E+00,-4.3785E+00,-4.5653E+00
+9.7800E+00,-4.2981E+00,-4.6457E+00
+9.7900E+00,-4.3634E+00,-4.5729E+00
+9.8000E+00,-4.3257E+00,-4.6457E+00
+9.8100E+00,-4.2830E+00,-4.6784E+00
+9.8200E+00,-4.4338E+00,-4.7136E+00
+9.8300E+00,-4.3861E+00,-4.7261E+00
+9.8400E+00,-4.3257E+00,-4.6206E+00
+9.8500E+00,-4.4263E+00,-4.6457E+00
+9.8600E+00,-4.4589E+00,-4.6709E+00
+9.8700E+00,-4.4589E+00,-4.6457E+00
+9.8800E+00,-4.5117E+00,-4.7261E+00
+9.8900E+00,-4.4589E+00,-4.7261E+00
+9.9000E+00,-4.5393E+00,-4.7940E+00
+9.9100E+00,-4.5318E+00,-4.7261E+00
+9.9200E+00,-4.5117E+00,-4.8342E+00
+9.9300E+00,-4.5720E+00,-4.7739E+00
+9.9400E+00,-4.5393E+00,-4.7387E+00
+9.9500E+00,-4.5393E+00,-4.8794E+00
+9.9600E+00,-4.6197E+00,-4.8065E+00
+9.9700E+00,-4.6197E+00,-4.8065E+00
+9.9800E+00,-4.6197E+00,-4.8191E+00
+9.9900E+00,-4.6197E+00,-4.8065E+00
+10.0000E+00,-4.7001E+00,-4.6985E+00
+10.0100E+00,,
+10.0200E+00,,
+10.0300E+00,,
